Ecotron,Timestamp,Site_ID,Dome_Type,Biome,CO2_Level,Temperature_Level,Fertilizer_Dose,GMO_Presence,Vector_Presence,Plant_Growth_Rate,Photosynthesis_Rate,Soil_Carbon_Content,Species_Composition,Water_Use_Efficiency,Phenology,Soil_Moisture_Content,Net_Primary_Productivity,Mortality_Rates,Plant_Biomass,Nutrient_Leaching,Soil_Microbial_Activity,Eutrophication_Levels,Gene_Flow,Crop_Yield,Non_Target_Species_Effects,Pest_Resistance,Target_Population_Size,Off_Target_Mutations,Genetic_Diversity,Ecosystem_Trophic_Dynamics,Vector_Persistence,Biodiversity_Shannon,Data_URL
Site_01_Inside_Control,2025-03-30 08:00,Site_01,Inside_Control,Temperate_Forest,497.6,25.9,51.0,1,1,1.46,15.5,1.77,0.9,3.05,13,25.9,202.7,0.1,924.3,5.6,57.6,0.1,0.0,2.74,0.1,0.2,416.3,0.004,0.9,1.1,1,3.39,
Site_01_Inside_Control,2025-03-30 12:00,Site_01,Inside_Control,Temperate_Forest,434.6,27.8,57.9,0,0,1.03,10.9,2.86,0.9,3.87,9,22.8,230.8,0.0,602.9,3.0,45.4,0.3,0.1,2.82,0.1,0.2,515.1,0.003,0.9,1.2,1,2.84,
Site_01_High_CO2,2025-03-30 08:00,Site_01,High_CO2,Temperate_Forest,545.9,20.7,30.8,1,0,0.75,17.3,2.91,1.0,2.7,8,22.4,239.3,0.1,931.1,3.4,57.6,0.2,0.0,2.63,0.0,0.1,537.6,0.003,0.9,1.4,4,2.77,
Site_01_High_CO2,2025-03-30 12:00,Site_01,High_CO2,Temperate_Forest,521.2,24.4,50.3,0,0,0.87,13.6,1.61,0.8,3.42,10,20.7,153.2,0.1,936.2,4.2,32.4,0.1,0.0,2.82,0.1,0.2,488.8,0.004,0.9,1.8,2,3.46,
Site_01_Fertilizer,2025-03-30 08:00,Site_01,Fertilizer,Temperate_Forest,412.5,23.7,92.1,0,0,1.13,12.9,2.3,0.9,2.82,11,24.0,151.2,0.1,1037.8,4.3,41.4,0.1,0.1,2.06,0.1,0.1,401.8,0.003,0.9,1.4,3,3.17,
Site_01_Fertilizer,2025-03-30 12:00,Site_01,Fertilizer,Temperate_Forest,470.5,23.7,99.7,0,1,1.45,16.4,1.68,0.8,2.84,8,32.6,211.1,0.1,631.8,3.3,59.4,0.3,0.1,2.38,0.0,0.2,427.9,0.003,0.9,1.6,2,1.99,
Site_01_Heat,2025-03-30 08:00,Site_01,Heat,Temperate_Forest,406.9,30.6,26.8,0,0,1.01,11.3,1.92,0.9,3.4,8,28.3,155.4,0.1,925.6,5.3,35.8,0.2,0.0,2.91,0.1,0.2,416.2,0.004,0.9,1.2,4,2.31,
Site_01_Heat,2025-03-30 12:00,Site_01,Heat,Temperate_Forest,483.6,29.6,39.0,1,1,1.43,15.2,2.9,0.8,2.93,9,27.5,242.9,0.1,1157.2,5.9,47.3,0.3,0.1,2.36,0.0,0.1,424.2,0.005,0.8,1.5,4,2.81,
Site_01_Outside_Control,2025-03-30 08:00,Site_01,Outside_Control,Temperate_Forest,460.3,24.9,53.4,0,0,0.88,11.2,2.51,0.8,2.53,9,30.2,197.2,0.0,757.0,3.5,52.8,0.2,0.0,2.67,0.0,0.1,436.4,0.002,0.9,1.4,4,3.05,
Site_01_Outside_Control,2025-03-30 12:00,Site_01,Outside_Control,Temperate_Forest,447.7,25.1,41.0,1,1,1.1,13.3,1.85,1.0,3.98,13,20.7,175.8,0.1,924.6,5.9,30.6,0.1,0.0,2.85,0.0,0.2,496.1,0.004,0.8,1.3,1,2.61,
Site_02_Inside_Control,2025-03-30 16:00,Site_02,Inside_Control,Prairie,460.7,23.8,51.5,1,1,1.25,17.3,2.93,0.9,2.82,14,24.8,211.8,0.1,715.3,3.9,44.3,0.3,0.1,2.95,0.0,0.1,503.7,0.004,0.9,1.5,4,2.24,
Site_02_Inside_Control,2025-03-30 20:00,Site_02,Inside_Control,Prairie,400.6,23.1,46.9,0,1,0.81,10.6,2.46,0.8,2.92,9,25.0,199.2,0.1,667.2,4.8,30.9,0.2,0.0,2.15,0.0,0.2,460.2,0.005,0.9,1.0,3,2.98,
Site_02_High_CO2,2025-03-30 16:00,Site_02,High_CO2,Prairie,519.1,26.4,51.3,1,1,0.77,14.2,1.51,0.8,3.26,11,32.9,238.5,0.1,1485.9,5.9,41.2,0.1,0.0,2.85,0.1,0.2,480.1,0.002,0.9,1.7,1,2.39,
Site_02_High_CO2,2025-03-30 20:00,Site_02,High_CO2,Prairie,511.7,25.4,59.1,1,0,0.78,16.8,2.86,0.9,3.23,10,21.9,249.7,0.0,629.8,3.6,45.6,0.1,0.0,2.69,0.0,0.1,490.6,0.004,0.9,1.2,2,2.51,
Site_02_Fertilizer,2025-03-30 16:00,Site_02,Fertilizer,Prairie,470.4,25.5,70.4,0,0,1.19,17.3,2.25,0.9,3.24,8,28.1,216.6,0.0,1173.5,4.4,37.9,0.2,0.1,2.05,0.1,0.1,444.6,0.003,0.9,1.4,1,1.96,
Site_02_Fertilizer,2025-03-30 20:00,Site_02,Fertilizer,Prairie,474.7,20.7,99.2,1,0,1.36,10.1,2.48,1.0,2.53,8,27.5,178.7,0.1,652.1,5.2,50.2,0.1,0.1,2.93,0.0,0.1,405.4,0.004,0.8,1.3,3,2.1,
Site_02_Heat,2025-03-30 16:00,Site_02,Heat,Prairie,416.3,28.3,26.3,1,0,1.11,13.9,2.41,1.0,3.14,13,26.0,217.6,0.0,1139.3,5.7,30.7,0.3,0.0,2.99,0.1,0.1,528.4,0.005,0.9,1.6,2,1.63,
Site_02_Heat,2025-03-30 20:00,Site_02,Heat,Prairie,477.9,29.8,47.2,0,1,1.38,13.0,1.64,1.0,3.59,10,22.5,172.7,0.1,626.2,4.7,48.2,0.3,0.0,2.36,0.1,0.1,446.7,0.002,0.9,1.5,2,1.91,
Site_02_Outside_Control,2025-03-30 16:00,Site_02,Outside_Control,Prairie,407.7,25.5,26.6,0,0,1.28,14.2,2.55,0.9,3.09,10,24.6,241.3,0.0,822.0,4.0,53.1,0.2,0.1,2.25,0.0,0.2,539.1,0.001,0.8,1.1,4,2.91,
Site_02_Outside_Control,2025-03-30 20:00,Site_02,Outside_Control,Prairie,416.1,20.8,31.1,1,0,1.32,12.3,1.57,1.0,3.02,12,29.6,205.4,0.0,1319.4,5.2,36.5,0.3,0.0,2.97,0.1,0.2,540.7,0.002,0.8,1.3,3,1.96,
Site_03_Inside_Control,2025-03-31 00:00,Site_03,Inside_Control,Desert,426.7,24.7,30.7,0,0,1.01,14.4,2.02,0.8,3.96,8,25.2,211.2,0.1,751.8,3.7,36.3,0.2,0.1,2.94,0.0,0.2,530.0,0.005,0.8,1.2,4,0.74,
Site_03_Inside_Control,2025-03-31 04:00,Site_03,Inside_Control,Desert,491.4,27.2,57.5,1,0,1.29,13.9,2.05,0.9,3.65,14,26.8,209.3,0.1,1191.9,3.2,36.3,0.1,0.0,2.36,0.0,0.2,408.8,0.004,0.8,1.1,2,0.58,
Site_03_High_CO2,2025-03-31 00:00,Site_03,High_CO2,Desert,490.3,26.4,41.4,0,0,0.91,17.7,2.82,1.0,3.45,11,34.1,246.5,0.1,1433.2,3.4,38.8,0.3,0.0,2.95,0.0,0.1,539.1,0.002,0.8,1.1,4,1.2,
Site_03_High_CO2,2025-03-31 04:00,Site_03,High_CO2,Desert,493.8,23.9,46.8,1,1,0.86,16.0,1.55,1.0,2.87,14,21.8,198.7,0.1,1185.4,4.8,43.4,0.3,0.0,2.36,0.1,0.2,409.9,0.002,0.9,1.8,4,0.76,
Site_03_Fertilizer,2025-03-31 00:00,Site_03,Fertilizer,Desert,426.5,27.2,86.5,0,1,1.45,14.0,2.0,0.9,3.65,11,29.4,167.0,0.1,1324.2,5.0,43.6,0.2,0.0,2.32,0.1,0.1,537.9,0.004,0.9,1.8,2,0.74,
Site_03_Fertilizer,2025-03-31 04:00,Site_03,Fertilizer,Desert,445.7,25.2,87.1,1,1,1.13,16.9,1.98,0.9,3.85,10,24.5,202.0,0.1,1338.9,4.6,39.0,0.2,0.0,2.19,0.1,0.2,444.7,0.002,0.9,1.5,3,0.55,
Site_03_Heat,2025-03-31 00:00,Site_03,Heat,Desert,420.3,30.2,25.8,1,1,0.92,13.9,2.44,0.9,2.97,10,24.9,151.3,0.1,1465.6,3.2,35.2,0.1,0.1,2.22,0.1,0.1,458.0,0.002,0.9,1.0,2,1.03,
Site_03_Heat,2025-03-31 04:00,Site_03,Heat,Desert,485.7,30.4,50.0,1,0,1.25,11.1,2.8,0.9,3.92,10,21.7,175.0,0.1,1319.9,4.4,52.2,0.2,0.0,2.62,0.0,0.1,534.6,0.004,0.8,1.2,3,0.8,
Site_03_Outside_Control,2025-03-31 00:00,Site_03,Outside_Control,Desert,428.7,23.2,54.7,0,1,1.3,15.5,2.34,1.0,3.43,12,26.7,185.6,0.0,793.0,5.0,50.1,0.2,0.1,2.15,0.1,0.1,520.5,0.002,0.9,1.1,4,1.48,
Site_03_Outside_Control,2025-03-31 04:00,Site_03,Outside_Control,Desert,467.5,23.2,45.8,1,0,0.88,17.6,1.59,0.9,3.95,9,20.0,210.1,0.0,769.4,4.2,48.3,0.3,0.0,2.64,0.0,0.1,429.9,0.005,0.9,1.0,2,0.53,
Site_04_Inside_Control,2025-03-31 08:00,Site_04,Inside_Control,Wetland,492.1,24.0,50.9,1,1,0.97,15.0,2.86,0.9,3.15,10,29.3,182.5,0.1,1443.6,3.8,41.6,0.3,0.0,2.58,0.1,0.2,501.6,0.002,0.8,1.0,4,3.54,
Site_04_Inside_Control,2025-03-31 12:00,Site_04,Inside_Control,Wetland,451.7,25.9,49.1,0,1,1.1,16.3,2.42,0.8,3.83,11,26.2,198.4,0.1,1444.6,3.1,31.6,0.2,0.0,2.25,0.0,0.2,443.8,0.004,0.9,1.5,2,3.41,
Site_04_High_CO2,2025-03-31 08:00,Site_04,High_CO2,Wetland,514.4,20.9,43.2,1,0,0.94,14.2,2.49,1.0,3.02,11,32.1,221.1,0.1,948.1,3.0,46.0,0.2,0.0,2.13,0.0,0.1,483.9,0.003,0.9,1.5,3,2.98,
Site_04_High_CO2,2025-03-31 12:00,Site_04,High_CO2,Wetland,499.4,27.0,27.2,1,1,1.08,11.5,2.05,0.9,3.56,8,32.0,194.0,0.1,761.0,3.1,58.6,0.1,0.0,2.66,0.1,0.1,546.4,0.004,0.8,1.2,1,2.47,
Site_04_Fertilizer,2025-03-31 08:00,Site_04,Fertilizer,Wetland,434.5,26.2,68.2,0,1,1.5,17.8,1.96,0.9,3.66,13,34.3,240.4,0.1,1413.4,4.3,46.1,0.2,0.1,2.66,0.1,0.2,433.1,0.004,0.8,1.7,3,3.05,
Site_04_Fertilizer,2025-03-31 12:00,Site_04,Fertilizer,Wetland,461.0,26.0,66.6,1,1,1.32,16.9,1.94,0.8,3.7,12,30.4,179.5,0.0,1236.9,5.3,53.4,0.3,0.1,2.32,0.0,0.1,503.2,0.002,0.8,1.8,2,2.56,
Site_04_Heat,2025-03-31 08:00,Site_04,Heat,Wetland,483.3,31.1,39.0,1,0,1.21,13.7,2.64,0.8,2.87,12,28.1,186.1,0.0,1367.8,3.5,59.3,0.3,0.0,2.84,0.0,0.2,535.3,0.004,0.9,1.1,3,2.43,
Site_04_Heat,2025-03-31 12:00,Site_04,Heat,Wetland,464.5,30.1,46.1,1,0,0.76,14.9,2.77,0.8,3.46,14,24.7,161.6,0.0,1308.2,4.6,52.1,0.2,0.1,2.53,0.1,0.2,408.1,0.004,0.9,1.3,2,2.84,
Site_04_Outside_Control,2025-03-31 08:00,Site_04,Outside_Control,Wetland,425.6,27.4,28.9,1,1,1.07,16.6,1.72,0.9,2.88,9,34.9,161.4,0.1,1227.3,4.9,37.4,0.3,0.1,2.65,0.1,0.2,542.0,0.001,0.9,1.2,4,3.27,
Site_04_Outside_Control,2025-03-31 12:00,Site_04,Outside_Control,Wetland,489.8,25.7,55.3,1,1,1.21,18.0,2.77,1.0,3.95,13,22.6,177.5,0.0,848.2,4.4,59.8,0.2,0.0,2.63,0.1,0.1,445.8,0.002,0.8,1.5,1,3.9,
Site_05_Inside_Control,2025-03-31 16:00,Site_05,Inside_Control,Tundra,412.5,27.7,39.6,1,0,1.09,14.0,1.65,0.9,3.07,8,23.6,203.4,0.1,1303.5,3.9,51.5,0.2,0.1,2.49,0.0,0.1,450.9,0.002,0.8,1.2,3,1.03,
Site_05_Inside_Control,2025-03-31 20:00,Site_05,Inside_Control,Tundra,435.3,22.0,35.6,0,0,0.93,13.1,1.86,0.9,3.42,12,34.4,184.9,0.1,1230.5,3.6,59.7,0.2,0.0,2.42,0.0,0.1,530.8,0.005,0.8,1.3,1,1.47,
Site_05_High_CO2,2025-03-31 16:00,Site_05,High_CO2,Tundra,546.5,24.1,38.7,0,0,0.86,17.1,1.67,0.8,3.5,9,34.4,156.0,0.0,787.3,5.8,37.3,0.2,0.0,2.64,0.0,0.2,492.9,0.005,0.8,1.5,3,0.78,
Site_05_High_CO2,2025-03-31 20:00,Site_05,High_CO2,Tundra,489.0,20.5,29.5,1,1,0.99,16.2,2.74,1.0,3.34,8,30.8,241.3,0.1,1284.2,5.5,33.8,0.1,0.0,2.96,0.0,0.2,521.9,0.005,0.9,1.6,4,0.41,
Site_05_Fertilizer,2025-03-31 16:00,Site_05,Fertilizer,Tundra,476.5,23.4,78.8,0,1,1.21,17.0,1.83,0.9,3.54,10,33.0,191.4,0.0,608.7,4.3,52.0,0.3,0.0,2.82,0.1,0.1,478.2,0.002,0.8,1.0,1,1.06,
Site_05_Fertilizer,2025-03-31 20:00,Site_05,Fertilizer,Tundra,453.4,27.3,80.7,0,1,0.91,10.9,2.94,0.8,3.16,10,25.1,203.4,0.0,602.0,5.7,47.9,0.3,0.1,2.46,0.0,0.2,446.9,0.002,0.9,1.3,3,0.73,
Site_05_Heat,2025-03-31 16:00,Site_05,Heat,Tundra,422.6,29.1,42.1,1,1,1.03,14.2,1.84,0.8,3.79,10,30.6,203.7,0.1,815.3,3.6,30.4,0.3,0.0,2.06,0.0,0.1,401.8,0.001,0.9,1.2,1,1.25,
Site_05_Heat,2025-03-31 20:00,Site_05,Heat,Tundra,472.4,31.2,26.5,0,0,0.81,11.9,1.97,0.9,3.93,8,22.3,238.5,0.1,1412.0,4.1,33.9,0.2,0.1,2.08,0.1,0.2,524.6,0.002,0.9,1.1,2,0.81,
Site_05_Outside_Control,2025-03-31 16:00,Site_05,Outside_Control,Tundra,404.9,23.4,39.3,1,1,1.12,16.8,2.83,0.9,2.61,8,29.1,223.1,0.0,1309.7,5.9,31.6,0.2,0.0,2.22,0.1,0.1,482.4,0.003,0.8,1.0,1,1.38,
Site_05_Outside_Control,2025-03-31 20:00,Site_05,Outside_Control,Tundra,495.0,25.4,58.5,1,0,0.77,16.2,1.91,0.8,3.04,10,33.2,174.3,0.1,1031.9,4.7,58.5,0.3,0.1,2.37,0.1,0.1,499.3,0.003,0.9,1.5,1,0.89,
Site_06_Inside_Control,2025-04-01 00:00,Site_06,Inside_Control,Chaparral,404.8,26.9,58.5,1,0,1.03,15.0,2.58,1.0,3.2,13,33.5,182.6,0.1,861.4,4.8,43.3,0.1,0.1,2.92,0.1,0.1,527.0,0.001,0.8,1.5,2,2.08,
Site_06_Inside_Control,2025-04-01 04:00,Site_06,Inside_Control,Chaparral,456.3,21.2,38.6,0,1,1.08,10.7,1.89,0.8,3.64,13,27.7,224.0,0.1,1355.7,3.3,52.6,0.3,0.0,2.29,0.0,0.1,424.7,0.003,0.8,1.4,2,1.95,
Site_06_High_CO2,2025-04-01 00:00,Site_06,High_CO2,Chaparral,544.0,21.9,51.3,0,1,0.86,15.0,1.7,1.0,3.96,12,27.2,210.6,0.1,954.7,3.7,41.2,0.2,0.0,2.27,0.0,0.2,464.4,0.005,0.8,1.6,2,1.98,
Site_06_High_CO2,2025-04-01 04:00,Site_06,High_CO2,Chaparral,539.2,25.5,50.0,0,0,1.39,17.3,2.97,1.0,3.53,10,25.3,235.1,0.0,672.2,4.4,33.4,0.3,0.1,2.08,0.0,0.1,473.0,0.002,0.9,1.6,3,1.55,
Site_06_Fertilizer,2025-04-01 00:00,Site_06,Fertilizer,Chaparral,416.0,20.2,73.7,0,1,1.11,15.2,2.34,0.8,3.47,13,24.9,177.2,0.1,1100.9,3.5,59.0,0.1,0.0,2.54,0.0,0.1,467.7,0.003,0.9,1.5,3,1.75,
Site_06_Fertilizer,2025-04-01 04:00,Site_06,Fertilizer,Chaparral,429.7,20.5,79.5,1,0,1.3,15.8,1.69,0.8,2.72,10,30.2,214.7,0.0,1436.9,3.9,39.1,0.1,0.1,2.27,0.1,0.2,455.0,0.001,0.9,1.6,2,1.41,
Site_06_Heat,2025-04-01 00:00,Site_06,Heat,Chaparral,400.4,28.2,44.8,1,0,1.22,11.1,2.14,0.9,2.77,14,30.2,167.2,0.1,677.1,4.5,39.2,0.2,0.0,2.08,0.1,0.1,538.1,0.005,0.9,1.4,1,1.74,
Site_06_Heat,2025-04-01 04:00,Site_06,Heat,Chaparral,497.2,29.6,50.8,1,0,1.21,10.4,2.83,1.0,3.11,12,24.1,181.7,0.1,774.8,3.4,56.1,0.2,0.0,2.94,0.0,0.2,510.6,0.003,0.8,1.0,2,1.34,
Site_06_Outside_Control,2025-04-01 00:00,Site_06,Outside_Control,Chaparral,432.3,24.6,56.3,1,0,1.3,13.2,2.59,0.9,2.55,10,33.9,211.3,0.1,647.4,5.8,34.5,0.3,0.0,2.47,0.0,0.1,437.8,0.001,0.8,1.2,1,1.99,
Site_06_Outside_Control,2025-04-01 04:00,Site_06,Outside_Control,Chaparral,476.9,21.3,33.7,0,1,1.27,10.8,2.89,0.9,3.51,10,27.0,242.9,0.0,1080.2,4.5,39.0,0.3,0.0,2.62,0.1,0.1,473.0,0.001,0.8,1.3,2,1.6,
Site_07_Inside_Control,2025-04-01 08:00,Site_07,Inside_Control,Savanna,446.8,27.0,40.3,0,0,1.48,16.6,2.0,0.9,2.6,8,25.1,173.8,0.1,654.7,4.8,31.7,0.1,0.0,2.98,0.0,0.1,519.8,0.005,0.9,1.0,1,2.54,
Site_07_Inside_Control,2025-04-01 12:00,Site_07,Inside_Control,Savanna,486.0,21.6,50.5,0,0,1.35,11.0,2.9,0.8,3.09,11,27.8,202.5,0.0,1187.0,3.9,45.1,0.3,0.0,2.25,0.1,0.1,481.2,0.004,0.9,1.3,1,1.87,
Site_07_High_CO2,2025-04-01 08:00,Site_07,High_CO2,Savanna,463.8,27.3,39.6,1,1,0.81,11.5,1.71,1.0,2.84,14,29.6,163.4,0.0,1002.2,5.7,58.5,0.1,0.0,2.49,0.0,0.2,510.6,0.004,0.9,1.5,3,1.88,
Site_07_High_CO2,2025-04-01 12:00,Site_07,High_CO2,Savanna,456.1,27.2,56.2,1,0,1.08,17.3,1.52,1.0,3.61,12,21.4,205.9,0.1,901.4,5.3,33.2,0.2,0.0,2.87,0.1,0.1,536.7,0.004,0.9,1.2,2,1.77,
Site_07_Fertilizer,2025-04-01 08:00,Site_07,Fertilizer,Savanna,446.1,22.0,99.9,0,0,1.01,15.1,2.74,0.8,3.34,11,30.1,159.5,0.1,1294.7,4.9,55.1,0.1,0.1,2.13,0.0,0.1,515.8,0.003,0.8,1.5,1,1.77,
Site_07_Fertilizer,2025-04-01 12:00,Site_07,Fertilizer,Savanna,449.4,20.1,100.0,0,0,1.37,13.5,2.74,0.9,3.19,11,30.5,241.1,0.1,865.6,4.5,50.0,0.1,0.0,2.17,0.1,0.2,505.3,0.002,0.9,1.5,3,1.65,
Site_07_Heat,2025-04-01 08:00,Site_07,Heat,Savanna,477.8,31.9,37.1,0,0,1.41,16.6,2.09,0.9,2.79,8,29.0,150.3,0.1,1147.4,4.1,30.5,0.3,0.0,2.74,0.1,0.2,529.6,0.005,0.8,1.6,3,1.91,
Site_07_Heat,2025-04-01 12:00,Site_07,Heat,Savanna,425.9,30.0,54.4,0,1,1.17,17.9,2.4,1.0,2.99,13,20.7,185.2,0.1,1407.2,3.3,57.6,0.3,0.0,2.7,0.1,0.1,515.1,0.003,0.9,1.8,3,1.15,
Site_07_Outside_Control,2025-04-01 08:00,Site_07,Outside_Control,Savanna,476.8,25.2,33.8,0,1,1.24,11.5,2.67,0.8,3.8,12,22.0,214.3,0.0,1004.1,5.0,35.2,0.1,0.1,2.83,0.1,0.1,437.7,0.003,0.8,1.5,3,1.99,
Site_07_Outside_Control,2025-04-01 12:00,Site_07,Outside_Control,Savanna,447.3,21.5,37.4,0,1,0.79,12.7,2.54,0.9,3.53,10,29.7,220.6,0.0,650.5,4.8,35.1,0.3,0.1,2.34,0.1,0.1,429.3,0.002,0.9,1.4,4,2.12,
Site_08_Inside_Control,2025-04-01 16:00,Site_08,Inside_Control,Coniferous_Forest,436.8,25.8,47.4,1,0,1.31,14.4,2.14,0.9,2.81,13,28.9,185.2,0.1,753.1,4.8,48.2,0.3,0.0,3.0,0.1,0.2,524.8,0.003,0.9,1.1,3,2.2,
Site_08_Inside_Control,2025-04-01 20:00,Site_08,Inside_Control,Coniferous_Forest,437.8,27.5,58.5,1,1,1.0,14.8,2.08,0.9,3.97,13,27.7,229.6,0.1,1171.0,4.8,50.2,0.1,0.1,2.44,0.0,0.1,494.1,0.001,0.9,1.4,4,2.05,
Site_08_High_CO2,2025-04-01 16:00,Site_08,High_CO2,Coniferous_Forest,525.8,27.7,56.8,0,0,0.83,17.3,2.78,1.0,3.51,10,31.0,154.4,0.0,1456.3,3.5,54.1,0.1,0.1,2.72,0.0,0.1,463.7,0.001,0.9,1.2,1,2.45,
Site_08_High_CO2,2025-04-01 20:00,Site_08,High_CO2,Coniferous_Forest,487.9,25.1,30.1,0,0,0.93,17.5,2.32,0.9,3.43,9,29.1,246.5,0.1,800.1,5.7,50.7,0.2,0.0,2.56,0.0,0.2,483.4,0.004,0.8,1.6,2,2.51,
Site_08_Fertilizer,2025-04-01 16:00,Site_08,Fertilizer,Coniferous_Forest,445.0,24.3,71.6,0,0,1.07,11.8,1.99,0.9,3.61,11,20.8,202.0,0.0,787.6,5.6,58.1,0.3,0.1,2.31,0.0,0.2,447.9,0.002,0.9,1.5,1,2.32,
Site_08_Fertilizer,2025-04-01 20:00,Site_08,Fertilizer,Coniferous_Forest,422.3,26.3,75.4,0,1,1.4,13.8,1.69,0.9,3.84,9,34.4,231.9,0.1,1060.8,5.8,42.6,0.1,0.0,2.79,0.0,0.2,547.6,0.005,0.9,1.5,4,1.4,
Site_08_Heat,2025-04-01 16:00,Site_08,Heat,Coniferous_Forest,446.0,31.0,47.8,0,0,0.94,12.6,1.87,0.9,3.44,11,20.7,247.1,0.1,1218.2,5.7,46.0,0.3,0.0,2.64,0.1,0.1,537.2,0.001,0.8,1.4,4,1.37,
Site_08_Heat,2025-04-01 20:00,Site_08,Heat,Coniferous_Forest,470.2,28.5,52.8,0,0,1.17,13.1,2.7,1.0,3.53,10,27.5,224.0,0.1,1376.6,4.0,54.3,0.1,0.0,2.59,0.1,0.1,507.7,0.002,0.9,1.7,4,2.79,
Site_08_Outside_Control,2025-04-01 16:00,Site_08,Outside_Control,Coniferous_Forest,447.1,24.2,30.8,0,1,1.17,10.3,1.86,1.0,3.36,9,22.4,246.4,0.1,1250.1,4.0,55.6,0.2,0.0,2.48,0.0,0.2,507.1,0.002,0.9,1.1,3,2.51,
Site_08_Outside_Control,2025-04-01 20:00,Site_08,Outside_Control,Coniferous_Forest,422.4,27.2,51.4,0,1,1.07,15.9,2.79,0.9,2.58,12,27.5,232.2,0.1,924.9,4.7,33.5,0.3,0.0,2.81,0.0,0.2,503.2,0.005,0.9,1.5,3,3.32,
Site_09_Inside_Control,2025-04-02 00:00,Site_09,Inside_Control,Temperate_Forest,477.2,25.8,59.6,1,1,0.82,11.7,1.61,0.9,3.49,12,34.5,174.7,0.1,979.4,5.0,48.1,0.1,0.0,2.16,0.0,0.1,516.9,0.003,0.8,1.2,4,3.1,
Site_09_Inside_Control,2025-04-02 04:00,Site_09,Inside_Control,Temperate_Forest,482.4,25.3,25.9,0,1,1.04,12.5,1.74,1.0,2.72,10,23.9,209.7,0.0,1473.5,3.8,37.9,0.1,0.1,2.46,0.0,0.2,458.0,0.004,0.9,1.5,1,3.84,
Site_09_High_CO2,2025-04-02 00:00,Site_09,High_CO2,Temperate_Forest,473.5,23.1,40.2,0,0,1.02,16.5,1.89,0.9,3.5,9,34.5,237.4,0.0,941.9,3.7,46.8,0.2,0.1,2.39,0.1,0.2,544.6,0.003,0.8,1.3,3,3.58,
Site_09_High_CO2,2025-04-02 04:00,Site_09,High_CO2,Temperate_Forest,539.2,24.2,31.1,1,0,0.91,13.3,2.99,1.0,2.73,8,32.5,182.6,0.1,687.7,5.9,50.0,0.2,0.0,2.67,0.1,0.1,415.3,0.004,0.8,1.6,1,2.35,
Site_09_Fertilizer,2025-04-02 00:00,Site_09,Fertilizer,Temperate_Forest,465.2,22.4,61.6,0,0,0.72,12.5,2.33,0.9,3.3,9,31.2,175.1,0.1,883.1,4.1,56.8,0.2,0.0,2.66,0.0,0.2,436.9,0.001,0.9,1.6,1,2.9,
Site_09_Fertilizer,2025-04-02 04:00,Site_09,Fertilizer,Temperate_Forest,435.4,27.9,70.3,1,1,0.71,12.6,2.41,0.8,3.06,11,26.1,236.9,0.1,1326.0,3.6,34.1,0.1,0.0,2.42,0.1,0.2,524.7,0.002,0.9,1.1,3,1.88,
Site_09_Heat,2025-04-02 00:00,Site_09,Heat,Temperate_Forest,450.5,31.4,28.6,0,1,1.11,13.0,2.25,0.9,3.63,11,34.8,165.5,0.1,829.8,5.3,49.0,0.3,0.1,2.78,0.1,0.2,498.0,0.002,0.8,1.6,4,2.11,
Site_09_Heat,2025-04-02 04:00,Site_09,Heat,Temperate_Forest,440.5,30.0,36.7,1,0,1.05,10.3,2.79,1.0,3.72,8,26.7,207.9,0.1,1280.6,3.4,32.4,0.1,0.0,2.37,0.1,0.1,475.2,0.003,0.9,1.6,2,2.44,
Site_09_Outside_Control,2025-04-02 00:00,Site_09,Outside_Control,Temperate_Forest,425.9,24.3,26.8,1,1,1.26,15.7,2.83,1.0,3.85,12,30.3,161.0,0.1,1329.2,5.0,47.8,0.2,0.0,2.67,0.1,0.1,410.1,0.001,0.9,1.1,2,2.75,
Site_09_Outside_Control,2025-04-02 04:00,Site_09,Outside_Control,Temperate_Forest,491.9,22.6,41.0,1,1,1.25,11.6,2.86,0.9,3.09,8,34.3,155.3,0.1,1457.5,5.4,35.9,0.2,0.0,2.92,0.1,0.1,521.7,0.005,0.9,1.7,2,3.54,
Site_10_Inside_Control,2025-04-02 08:00,Site_10,Inside_Control,Prairie,425.9,21.8,47.1,1,1,1.05,14.7,1.65,0.8,3.05,10,20.4,199.5,0.1,840.6,5.2,47.3,0.1,0.1,2.95,0.1,0.2,508.0,0.001,0.9,1.0,3,2.28,https://example.com/data/Site_10_Inside_Control/mutations.csv
Site_10_Inside_Control,2025-04-02 12:00,Site_10,Inside_Control,Prairie,461.5,20.8,53.1,1,1,1.47,17.5,1.79,0.9,3.76,10,26.7,228.5,0.1,603.9,5.1,57.8,0.1,0.0,2.03,0.0,0.2,474.2,0.002,0.8,1.4,1,2.85,https://example.com/data/Site_10_Inside_Control/gene_flow.csv
Site_10_High_CO2,2025-04-02 08:00,Site_10,High_CO2,Prairie,521.5,21.8,53.1,1,1,1.3,13.9,2.16,0.8,3.38,9,29.0,170.4,0.1,1222.4,4.3,38.6,0.1,0.0,2.75,0.1,0.1,516.7,0.004,0.8,1.4,3,1.47,
Site_10_High_CO2,2025-04-02 12:00,Site_10,High_CO2,Prairie,516.9,23.4,35.7,1,0,1.46,15.7,2.29,0.9,3.15,13,21.7,176.6,0.0,1139.8,4.6,49.2,0.3,0.0,2.89,0.1,0.1,429.5,0.005,0.9,1.1,1,2.36,
Site_10_Fertilizer,2025-04-02 08:00,Site_10,Fertilizer,Prairie,429.4,24.9,90.8,1,1,0.76,12.8,1.67,0.9,3.43,10,26.0,191.2,0.1,1327.8,5.1,56.3,0.3,0.0,2.34,0.1,0.1,442.6,0.004,0.8,1.1,1,1.31,
Site_10_Fertilizer,2025-04-02 12:00,Site_10,Fertilizer,Prairie,445.8,22.9,68.3,0,0,0.9,11.2,1.54,0.9,2.54,10,22.1,155.7,0.1,933.8,5.5,48.6,0.1,0.0,2.9,0.0,0.1,410.4,0.001,0.8,1.2,1,1.63,
Site_10_Heat,2025-04-02 08:00,Site_10,Heat,Prairie,412.3,28.1,33.3,1,1,0.8,16.8,1.68,0.9,2.82,12,28.1,225.6,0.1,1073.4,4.3,41.9,0.2,0.0,2.54,0.1,0.2,539.1,0.004,0.9,1.3,4,2.03,
Site_10_Heat,2025-04-02 12:00,Site_10,Heat,Prairie,453.5,30.7,38.9,0,1,1.24,15.3,1.87,0.8,2.75,9,27.9,246.4,0.1,1106.2,3.9,40.7,0.2,0.0,2.76,0.1,0.2,459.2,0.002,0.9,1.3,4,2.34,
Site_10_Outside_Control,2025-04-02 08:00,Site_10,Outside_Control,Prairie,423.9,23.1,57.4,1,0,1.01,15.5,2.2,0.9,3.96,9,23.5,178.9,0.1,1320.8,3.9,44.1,0.1,0.0,2.47,0.1,0.1,535.4,0.004,0.8,1.0,4,2.7,
Site_10_Outside_Control,2025-04-02 12:00,Site_10,Outside_Control,Prairie,424.1,21.2,35.1,1,0,0.99,16.3,2.78,0.8,3.15,14,23.7,152.3,0.1,1086.1,5.1,50.7,0.2,0.0,2.05,0.0,0.1,403.4,0.003,0.9,1.5,1,2.64,
Site_11_Inside_Control,2025-04-02 16:00,Site_11,Inside_Control,Desert,417.0,20.6,44.9,1,1,1.08,16.0,1.86,1.0,3.74,10,31.4,220.2,0.1,890.9,5.9,38.4,0.3,0.0,2.93,0.1,0.1,537.0,0.003,0.9,1.3,3,0.65,
Site_11_Inside_Control,2025-04-02 20:00,Site_11,Inside_Control,Desert,433.1,26.2,31.2,1,1,1.43,17.8,1.56,0.8,2.83,12,21.9,201.6,0.1,708.4,3.3,59.0,0.2,0.0,2.81,0.1,0.2,500.8,0.004,0.9,1.3,3,0.8,
Site_11_High_CO2,2025-04-02 16:00,Site_11,High_CO2,Desert,476.2,26.7,37.1,0,0,0.98,11.4,2.12,0.8,2.59,9,34.0,159.5,0.1,993.0,4.2,58.8,0.3,0.0,2.93,0.0,0.1,501.9,0.002,0.9,1.3,2,0.75,
Site_11_High_CO2,2025-04-02 20:00,Site_11,High_CO2,Desert,451.3,22.7,59.8,1,0,1.07,13.5,1.97,0.9,2.78,13,22.0,155.2,0.1,1399.5,5.8,55.1,0.1,0.1,2.87,0.1,0.1,462.6,0.003,0.9,1.8,1,0.88,
Site_11_Fertilizer,2025-04-02 16:00,Site_11,Fertilizer,Desert,440.8,25.0,96.3,0,0,1.42,14.7,1.94,0.8,2.81,14,23.2,233.5,0.1,652.8,5.4,37.1,0.2,0.0,2.33,0.0,0.1,405.3,0.003,0.8,1.8,2,1.2,
Site_11_Fertilizer,2025-04-02 20:00,Site_11,Fertilizer,Desert,493.9,25.8,86.9,1,0,0.83,10.7,2.08,0.8,3.5,13,20.2,199.2,0.1,1186.7,4.5,58.6,0.1,0.0,2.19,0.0,0.2,474.9,0.005,0.8,1.4,4,0.38,
Site_11_Heat,2025-04-02 16:00,Site_11,Heat,Desert,455.9,28.3,42.2,1,0,0.98,10.6,2.52,0.9,3.9,13,31.1,177.9,0.0,738.2,4.6,59.6,0.1,0.0,2.89,0.1,0.1,529.0,0.001,0.9,1.2,4,0.71,
Site_11_Heat,2025-04-02 20:00,Site_11,Heat,Desert,466.3,31.4,34.6,1,1,1.43,14.5,1.71,0.8,3.9,12,33.5,218.0,0.0,1492.9,4.6,53.5,0.3,0.0,2.87,0.1,0.1,506.2,0.003,0.8,1.4,1,0.73,
Site_11_Outside_Control,2025-04-02 16:00,Site_11,Outside_Control,Desert,493.7,20.8,41.0,1,0,0.77,15.8,2.01,0.9,2.59,8,32.5,178.3,0.0,1126.3,5.3,55.3,0.1,0.0,2.02,0.0,0.1,404.9,0.001,0.8,1.7,1,1.43,
Site_11_Outside_Control,2025-04-02 20:00,Site_11,Outside_Control,Desert,414.9,23.2,32.2,1,0,0.95,15.8,1.88,1.0,3.57,9,26.9,163.4,0.1,1252.2,4.0,42.4,0.1,0.0,2.85,0.1,0.1,541.7,0.002,0.9,1.7,1,0.98,
Site_12_Inside_Control,2025-04-03 00:00,Site_12,Inside_Control,Wetland,433.0,28.0,47.5,0,1,1.19,17.5,2.7,0.9,2.86,10,33.3,166.5,0.0,1263.7,5.1,46.0,0.1,0.0,2.31,0.0,0.2,439.1,0.002,0.9,1.2,1,3.02,
Site_12_Inside_Control,2025-04-03 04:00,Site_12,Inside_Control,Wetland,408.0,22.4,42.4,0,0,0.74,12.8,2.12,0.9,2.82,13,20.8,182.6,0.1,1123.3,3.7,48.2,0.2,0.0,2.47,0.1,0.2,426.2,0.003,0.9,1.1,2,2.95,
Site_12_High_CO2,2025-04-03 00:00,Site_12,High_CO2,Wetland,537.5,25.2,25.0,1,0,0.85,12.4,1.59,0.9,3.66,12,27.5,179.4,0.0,1175.6,3.8,30.6,0.3,0.1,2.92,0.0,0.2,403.5,0.004,0.9,1.2,3,2.78,
Site_12_High_CO2,2025-04-03 04:00,Site_12,High_CO2,Wetland,533.8,23.7,47.0,0,1,1.37,15.3,1.62,1.0,2.77,14,31.3,226.7,0.0,1279.9,4.9,36.2,0.2,0.0,2.56,0.1,0.1,530.0,0.002,0.9,1.5,3,2.8,
Site_12_Fertilizer,2025-04-03 00:00,Site_12,Fertilizer,Wetland,459.7,21.7,63.4,0,1,1.44,16.5,1.92,0.8,3.84,11,25.8,153.7,0.0,1436.6,3.8,39.5,0.2,0.0,2.43,0.0,0.1,452.6,0.002,0.8,1.2,1,2.63,
Site_12_Fertilizer,2025-04-03 04:00,Site_12,Fertilizer,Wetland,427.4,20.9,63.3,1,1,1.36,12.8,1.82,1.0,3.74,13,28.3,226.4,0.1,868.7,5.5,47.5,0.1,0.1,2.94,0.1,0.1,406.6,0.002,0.8,1.6,2,3.12,
Site_12_Heat,2025-04-03 00:00,Site_12,Heat,Wetland,438.9,31.8,47.0,0,0,0.97,15.2,2.72,0.9,3.66,8,33.5,185.3,0.0,747.1,5.3,54.4,0.2,0.1,2.27,0.1,0.2,492.4,0.005,0.8,1.0,1,2.03,
Site_12_Heat,2025-04-03 04:00,Site_12,Heat,Wetland,405.6,31.6,35.6,1,0,1.06,15.3,2.09,0.9,2.77,8,30.6,152.4,0.1,1249.7,5.6,59.1,0.2,0.0,2.08,0.1,0.1,513.4,0.005,0.8,1.3,2,1.83,
Site_12_Outside_Control,2025-04-03 00:00,Site_12,Outside_Control,Wetland,411.6,25.2,43.3,1,0,1.39,10.5,2.85,0.9,3.2,14,29.1,245.0,0.0,693.1,4.3,56.5,0.1,0.0,2.2,0.1,0.1,468.1,0.005,0.9,1.5,2,3.5,
Site_12_Outside_Control,2025-04-03 04:00,Site_12,Outside_Control,Wetland,409.4,25.4,34.7,0,0,0.7,17.1,2.58,0.9,3.52,11,25.6,150.5,0.0,1188.9,4.5,41.2,0.3,0.0,2.14,0.0,0.2,462.6,0.003,0.8,1.4,3,3.5,
Site_13_Inside_Control,2025-04-03 08:00,Site_13,Inside_Control,Tundra,417.7,22.7,27.1,0,1,0.87,14.3,1.81,0.8,3.53,11,21.4,199.9,0.1,679.5,3.1,40.6,0.1,0.0,2.42,0.0,0.1,494.4,0.004,0.9,1.1,3,1.02,
Site_13_Inside_Control,2025-04-03 12:00,Site_13,Inside_Control,Tundra,482.4,25.2,57.3,1,0,1.34,12.0,2.87,0.8,3.26,12,28.7,191.2,0.0,992.0,4.5,37.5,0.2,0.0,2.7,0.1,0.2,459.4,0.002,0.9,1.2,4,0.77,
Site_13_High_CO2,2025-04-03 08:00,Site_13,High_CO2,Tundra,470.1,22.0,38.3,0,0,0.79,12.0,2.78,0.9,3.78,8,26.1,200.6,0.0,1161.2,4.6,59.2,0.3,0.1,2.28,0.1,0.1,527.0,0.002,0.8,1.4,4,1.18,
Site_13_High_CO2,2025-04-03 12:00,Site_13,High_CO2,Tundra,545.4,24.7,46.7,1,0,0.74,11.3,1.62,0.8,3.46,11,32.4,201.6,0.1,921.6,3.2,58.8,0.3,0.1,2.16,0.1,0.2,459.6,0.002,0.9,1.5,2,0.54,
Site_13_Fertilizer,2025-04-03 08:00,Site_13,Fertilizer,Tundra,406.9,27.2,80.0,0,1,0.91,14.0,2.78,0.9,3.69,9,30.7,194.1,0.1,900.2,4.9,35.8,0.2,0.1,2.27,0.1,0.2,415.7,0.003,0.8,1.1,2,1.0,
Site_13_Fertilizer,2025-04-03 12:00,Site_13,Fertilizer,Tundra,414.7,24.9,65.3,0,0,1.44,13.6,2.71,0.8,3.37,8,29.2,208.2,0.1,941.1,3.3,54.6,0.1,0.0,2.4,0.0,0.1,503.2,0.003,0.9,1.8,3,1.48,
Site_13_Heat,2025-04-03 08:00,Site_13,Heat,Tundra,437.2,30.9,43.4,0,1,1.06,10.8,1.93,0.8,2.75,11,24.3,202.0,0.0,774.6,4.0,36.5,0.2,0.1,2.38,0.0,0.1,533.7,0.004,0.8,1.2,4,1.28,
Site_13_Heat,2025-04-03 12:00,Site_13,Heat,Tundra,494.8,31.3,34.7,0,0,0.73,13.6,1.62,0.8,3.32,14,31.7,244.5,0.1,868.2,3.2,59.9,0.2,0.0,2.88,0.0,0.1,419.8,0.003,0.9,1.4,2,1.09,
Site_13_Outside_Control,2025-04-03 08:00,Site_13,Outside_Control,Tundra,426.3,21.7,25.6,1,0,1.34,15.7,2.9,0.9,2.98,8,25.2,234.0,0.1,1279.6,4.9,32.2,0.3,0.0,2.18,0.1,0.2,476.2,0.002,0.9,1.1,1,1.2,
Site_13_Outside_Control,2025-04-03 12:00,Site_13,Outside_Control,Tundra,448.1,22.4,26.1,0,0,1.31,13.4,2.17,0.8,3.73,14,33.6,209.9,0.1,1224.6,5.8,32.7,0.2,0.0,2.6,0.0,0.2,504.9,0.001,0.9,1.3,4,0.76,
Site_14_Inside_Control,2025-04-03 16:00,Site_14,Inside_Control,Chaparral,458.5,25.6,32.5,0,1,1.04,13.1,2.79,0.9,3.91,9,25.8,203.4,0.0,660.3,4.9,53.7,0.2,0.1,2.84,0.0,0.2,427.9,0.003,0.9,1.2,1,1.66,
Site_14_Inside_Control,2025-04-03 20:00,Site_14,Inside_Control,Chaparral,425.5,27.7,59.9,0,1,1.16,13.2,2.84,0.8,3.62,14,22.7,177.5,0.1,649.8,3.3,58.2,0.2,0.1,2.45,0.0,0.2,517.3,0.002,0.8,1.1,4,1.51,
Site_14_High_CO2,2025-04-03 16:00,Site_14,High_CO2,Chaparral,488.3,22.8,58.8,0,1,0.86,16.8,2.37,0.8,3.33,8,22.3,157.8,0.0,721.4,4.9,45.1,0.2,0.0,2.17,0.1,0.1,545.5,0.005,0.8,1.4,3,1.6,
Site_14_High_CO2,2025-04-03 20:00,Site_14,High_CO2,Chaparral,500.6,21.3,43.9,1,0,0.89,10.1,2.03,0.8,3.66,9,28.0,206.9,0.1,1113.8,3.3,44.0,0.1,0.0,2.75,0.1,0.1,434.6,0.004,0.9,1.1,2,1.98,
Site_14_Fertilizer,2025-04-03 16:00,Site_14,Fertilizer,Chaparral,417.9,25.7,85.4,0,1,1.04,15.1,1.54,1.0,3.43,8,31.1,207.3,0.0,1385.5,4.2,46.3,0.2,0.0,2.08,0.0,0.1,537.9,0.004,0.9,1.5,3,1.27,
Site_14_Fertilizer,2025-04-03 20:00,Site_14,Fertilizer,Chaparral,452.7,20.6,96.5,0,1,1.35,14.1,2.46,0.9,3.2,13,21.9,170.6,0.1,1096.0,4.0,31.6,0.3,0.0,2.1,0.1,0.2,525.6,0.003,0.8,1.8,2,1.55,
Site_14_Heat,2025-04-03 16:00,Site_14,Heat,Chaparral,488.9,29.3,39.5,1,1,1.4,15.2,2.3,1.0,3.76,9,28.4,204.2,0.0,1461.0,5.6,56.0,0.2,0.1,2.2,0.0,0.1,414.3,0.003,0.9,1.7,3,1.9,
Site_14_Heat,2025-04-03 20:00,Site_14,Heat,Chaparral,424.5,31.0,40.2,1,1,0.99,14.7,2.68,0.9,3.99,10,22.9,188.2,0.0,674.4,4.4,42.1,0.2,0.1,2.52,0.0,0.2,475.1,0.003,0.9,1.7,2,1.31,
Site_14_Outside_Control,2025-04-03 16:00,Site_14,Outside_Control,Chaparral,424.3,22.6,25.3,0,1,0.88,14.1,1.77,0.8,3.75,13,29.3,161.2,0.1,692.2,5.0,46.3,0.2,0.1,2.63,0.0,0.1,473.6,0.003,0.9,1.6,4,1.77,
Site_14_Outside_Control,2025-04-03 20:00,Site_14,Outside_Control,Chaparral,414.5,22.6,54.3,1,0,0.7,14.8,2.36,1.0,2.56,10,29.0,165.0,0.1,1218.8,4.5,46.5,0.3,0.1,2.19,0.1,0.2,419.9,0.001,0.8,1.5,1,1.82,
Site_15_Inside_Control,2025-04-04 00:00,Site_15,Inside_Control,Savanna,460.6,25.3,33.8,0,0,1.16,12.2,1.62,0.9,3.57,11,25.7,186.3,0.1,1018.6,4.6,37.8,0.2,0.1,2.74,0.0,0.1,530.3,0.002,0.8,1.0,3,2.31,
Site_15_Inside_Control,2025-04-04 04:00,Site_15,Inside_Control,Savanna,407.1,21.4,38.6,0,1,1.48,14.5,1.68,0.9,2.54,11,33.3,184.9,0.1,893.8,3.0,31.0,0.1,0.0,2.51,0.1,0.2,502.5,0.001,0.9,1.1,4,1.81,
Site_15_High_CO2,2025-04-04 00:00,Site_15,High_CO2,Savanna,547.7,23.9,57.1,1,0,1.49,14.6,1.85,0.9,3.51,11,21.0,230.1,0.1,1425.1,3.6,35.0,0.2,0.0,2.22,0.0,0.2,403.1,0.004,0.8,1.4,3,1.56,
Site_15_High_CO2,2025-04-04 04:00,Site_15,High_CO2,Savanna,525.2,22.9,30.8,0,0,1.35,17.7,1.99,1.0,3.42,9,33.0,214.9,0.1,1486.5,4.6,30.0,0.1,0.1,2.09,0.0,0.1,435.2,0.003,0.9,1.6,2,1.92,
Site_15_Fertilizer,2025-04-04 00:00,Site_15,Fertilizer,Savanna,426.0,25.8,77.7,0,0,0.72,14.2,1.72,1.0,2.83,12,20.2,206.2,0.1,959.4,5.1,32.5,0.1,0.0,2.17,0.0,0.2,414.2,0.005,0.8,1.3,4,1.41,
Site_15_Fertilizer,2025-04-04 04:00,Site_15,Fertilizer,Savanna,438.1,25.3,79.1,0,1,0.9,12.5,2.28,1.0,2.61,8,29.5,244.2,0.1,1171.9,4.6,51.4,0.2,0.1,2.21,0.1,0.1,547.2,0.004,0.9,1.8,1,1.69,
Site_15_Heat,2025-04-04 00:00,Site_15,Heat,Savanna,425.8,31.9,30.1,0,0,1.49,12.5,2.83,0.9,3.66,11,31.8,156.6,0.0,728.5,3.8,58.9,0.2,0.0,2.43,0.0,0.1,510.3,0.005,0.9,1.4,3,1.7,
Site_15_Heat,2025-04-04 04:00,Site_15,Heat,Savanna,413.2,28.7,54.4,1,0,0.72,10.7,2.58,0.8,2.64,8,30.5,154.3,0.0,872.5,5.3,46.6,0.2,0.0,2.34,0.0,0.2,503.4,0.002,0.8,1.7,1,1.23,
Site_15_Outside_Control,2025-04-04 00:00,Site_15,Outside_Control,Savanna,418.0,22.4,51.1,0,0,1.16,14.3,2.36,0.9,3.21,13,29.0,158.9,0.1,1188.1,3.6,32.0,0.3,0.0,2.59,0.0,0.2,527.1,0.002,0.8,1.1,1,2.88,
Site_15_Outside_Control,2025-04-04 04:00,Site_15,Outside_Control,Savanna,485.8,26.5,26.4,0,0,1.0,15.0,1.95,0.9,3.26,14,27.9,168.1,0.0,1412.7,4.5,30.0,0.2,0.1,2.91,0.1,0.2,401.8,0.002,0.9,1.4,2,2.23,
Site_16_Inside_Control,2025-04-04 08:00,Site_16,Inside_Control,Coniferous_Forest,442.6,25.4,47.8,1,0,0.79,17.1,2.59,1.0,3.88,11,24.9,236.4,0.0,1350.2,4.6,36.8,0.2,0.1,2.89,0.0,0.2,541.9,0.005,0.9,1.6,4,2.25,
Site_16_Inside_Control,2025-04-04 12:00,Site_16,Inside_Control,Coniferous_Forest,457.8,21.5,50.0,1,1,0.86,13.1,2.47,0.8,3.66,13,25.2,184.7,0.0,818.6,4.1,56.4,0.1,0.0,2.97,0.1,0.1,528.1,0.005,0.8,1.7,1,2.61,
Site_16_High_CO2,2025-04-04 08:00,Site_16,High_CO2,Coniferous_Forest,456.2,27.5,54.5,0,1,0.98,11.5,1.91,1.0,3.33,13,21.6,196.3,0.1,1051.3,3.8,50.1,0.3,0.1,2.76,0.0,0.1,522.9,0.003,0.8,1.5,2,2.53,
Site_16_High_CO2,2025-04-04 12:00,Site_16,High_CO2,Coniferous_Forest,528.2,27.4,37.3,1,0,1.27,16.9,2.88,0.9,3.23,8,33.8,223.3,0.0,908.3,5.1,43.9,0.1,0.0,2.74,0.0,0.1,533.5,0.004,0.8,1.7,2,2.19,
Site_16_Fertilizer,2025-04-04 08:00,Site_16,Fertilizer,Coniferous_Forest,471.4,27.9,60.4,1,1,1.37,14.0,2.22,0.8,2.52,9,22.8,241.9,0.1,858.5,3.2,48.4,0.2,0.0,2.43,0.0,0.1,498.3,0.005,0.8,1.2,3,2.48,
Site_16_Fertilizer,2025-04-04 12:00,Site_16,Fertilizer,Coniferous_Forest,474.3,24.8,99.7,1,1,0.81,16.2,1.93,0.9,3.04,10,22.0,209.7,0.1,953.8,3.9,43.1,0.1,0.1,2.1,0.0,0.1,479.3,0.004,0.8,1.1,3,1.74,
Site_16_Heat,2025-04-04 08:00,Site_16,Heat,Coniferous_Forest,417.6,31.3,54.6,1,0,0.98,17.2,2.53,0.8,2.88,9,34.4,219.8,0.1,964.0,3.4,39.0,0.1,0.0,2.29,0.1,0.2,519.8,0.003,0.9,1.2,1,1.66,
Site_16_Heat,2025-04-04 12:00,Site_16,Heat,Coniferous_Forest,442.8,29.2,45.6,0,0,0.94,14.8,1.91,0.8,3.69,8,28.8,169.8,0.1,1344.2,4.8,55.1,0.3,0.1,2.06,0.1,0.2,438.6,0.004,0.9,1.3,3,2.47,
Site_16_Outside_Control,2025-04-04 08:00,Site_16,Outside_Control,Coniferous_Forest,481.0,26.4,40.3,0,0,1.47,10.5,2.41,0.8,3.42,14,21.5,235.4,0.1,633.5,4.6,40.4,0.1,0.1,2.86,0.0,0.2,513.3,0.002,0.9,1.6,4,3.05,
Site_16_Outside_Control,2025-04-04 12:00,Site_16,Outside_Control,Coniferous_Forest,416.7,20.7,41.1,0,1,0.86,12.8,1.65,0.9,2.93,11,24.9,202.9,0.1,1269.0,5.5,35.1,0.3,0.0,2.92,0.1,0.1,441.4,0.002,0.8,1.4,3,2.48,
Site_17_Inside_Control,2025-04-04 16:00,Site_17,Inside_Control,Temperate_Forest,427.7,21.7,25.7,1,1,1.42,18.0,1.87,0.9,3.47,13,28.4,234.9,0.1,1214.0,5.8,44.5,0.1,0.0,2.64,0.0,0.1,480.5,0.003,0.9,1.3,4,2.66,
Site_17_Inside_Control,2025-04-04 20:00,Site_17,Inside_Control,Temperate_Forest,494.6,20.2,32.1,1,1,1.16,14.8,2.67,1.0,3.83,14,26.5,182.2,0.0,920.5,3.8,37.4,0.2,0.1,2.48,0.0,0.1,466.5,0.003,0.8,1.1,3,2.63,
Site_17_High_CO2,2025-04-04 16:00,Site_17,High_CO2,Temperate_Forest,458.5,20.2,26.6,1,1,1.29,15.2,2.53,0.8,3.34,11,20.9,186.6,0.0,1418.3,4.7,56.8,0.2,0.1,2.99,0.1,0.2,446.3,0.004,0.8,1.1,4,2.83,
Site_17_High_CO2,2025-04-04 20:00,Site_17,High_CO2,Temperate_Forest,488.4,27.5,34.1,1,0,1.02,11.0,1.98,1.0,2.82,14,33.5,247.0,0.0,905.2,4.4,37.1,0.3,0.1,2.4,0.0,0.2,401.3,0.004,0.8,1.4,3,2.67,
Site_17_Fertilizer,2025-04-04 16:00,Site_17,Fertilizer,Temperate_Forest,479.4,27.6,70.7,0,0,1.04,11.3,2.86,0.9,3.71,8,32.0,240.1,0.1,1125.4,4.6,30.4,0.2,0.1,2.75,0.1,0.2,515.8,0.003,0.9,1.4,4,2.77,
Site_17_Fertilizer,2025-04-04 20:00,Site_17,Fertilizer,Temperate_Forest,444.1,27.8,98.1,0,1,1.02,13.0,1.82,0.9,3.48,11,20.7,247.3,0.1,664.0,3.7,51.8,0.2,0.0,2.66,0.0,0.2,532.6,0.002,0.8,1.6,1,2.16,
Site_17_Heat,2025-04-04 16:00,Site_17,Heat,Temperate_Forest,496.8,29.3,56.5,0,1,1.05,14.3,2.44,0.9,3.16,12,31.5,153.9,0.1,1252.8,4.3,59.7,0.2,0.0,2.56,0.0,0.1,447.3,0.003,0.9,1.3,1,2.96,
Site_17_Heat,2025-04-04 20:00,Site_17,Heat,Temperate_Forest,472.4,31.6,49.9,0,0,1.39,11.1,2.35,0.8,3.27,14,28.4,152.3,0.1,1342.8,4.5,42.8,0.2,0.0,3.0,0.1,0.2,404.3,0.002,0.9,1.5,1,1.72,
Site_17_Outside_Control,2025-04-04 16:00,Site_17,Outside_Control,Temperate_Forest,436.9,20.9,44.0,1,1,1.31,14.1,2.97,0.9,3.27,8,27.6,233.2,0.1,1241.2,4.9,54.7,0.2,0.0,2.57,0.0,0.1,483.1,0.003,0.8,1.7,4,3.0,
Site_17_Outside_Control,2025-04-04 20:00,Site_17,Outside_Control,Temperate_Forest,413.0,23.5,29.9,0,0,0.79,12.5,1.84,0.9,3.72,10,24.9,184.2,0.1,783.4,5.0,54.2,0.1,0.1,2.41,0.0,0.1,445.1,0.003,0.9,1.7,4,2.88,
Site_18_Inside_Control,2025-04-05 00:00,Site_18,Inside_Control,Prairie,417.5,22.0,52.1,1,0,0.81,12.0,2.97,0.9,3.49,9,34.2,222.2,0.1,1292.1,5.8,48.4,0.2,0.0,2.01,0.0,0.2,447.0,0.002,0.9,1.6,3,2.0,
Site_18_Inside_Control,2025-04-05 04:00,Site_18,Inside_Control,Prairie,498.8,27.6,27.7,1,1,1.44,10.9,1.81,0.8,2.77,9,24.9,226.0,0.1,789.9,3.1,38.9,0.3,0.0,2.01,0.1,0.2,509.3,0.004,0.9,1.6,4,2.92,
Site_18_High_CO2,2025-04-05 00:00,Site_18,High_CO2,Prairie,475.6,24.5,45.3,0,1,0.72,13.3,2.87,1.0,3.07,13,28.4,193.6,0.1,1321.1,5.5,47.6,0.1,0.0,2.71,0.0,0.1,487.3,0.003,0.8,1.3,1,2.56,
Site_18_High_CO2,2025-04-05 04:00,Site_18,High_CO2,Prairie,507.2,20.1,41.4,0,0,0.98,16.5,1.75,1.0,3.66,9,34.5,233.9,0.0,868.3,5.4,33.0,0.2,0.0,2.91,0.0,0.1,461.4,0.001,0.8,1.2,2,2.41,
Site_18_Fertilizer,2025-04-05 00:00,Site_18,Fertilizer,Prairie,474.4,26.1,92.0,0,0,1.16,15.5,2.99,0.9,2.74,9,32.4,171.9,0.1,834.9,3.5,44.0,0.1,0.0,3.0,0.1,0.1,493.1,0.003,0.8,1.7,1,2.5,
Site_18_Fertilizer,2025-04-05 04:00,Site_18,Fertilizer,Prairie,433.8,25.6,67.8,1,0,1.44,14.4,2.04,0.8,3.4,12,30.8,218.3,0.1,1403.2,5.4,38.4,0.2,0.0,2.4,0.0,0.2,545.3,0.002,0.9,1.6,4,2.49,
Site_18_Heat,2025-04-05 00:00,Site_18,Heat,Prairie,474.6,29.5,25.5,0,1,1.12,12.3,1.82,0.9,3.65,12,21.5,216.5,0.0,989.0,5.3,44.7,0.1,0.0,2.46,0.1,0.1,435.0,0.003,0.9,1.6,3,1.44,
Site_18_Heat,2025-04-05 04:00,Site_18,Heat,Prairie,409.0,31.6,26.9,0,1,1.23,13.0,1.95,0.8,3.28,11,25.5,241.8,0.0,834.9,3.4,53.8,0.2,0.1,2.27,0.0,0.1,463.8,0.004,0.9,1.8,4,1.22,
Site_18_Outside_Control,2025-04-05 00:00,Site_18,Outside_Control,Prairie,487.5,21.6,26.6,1,1,0.93,13.2,1.89,1.0,3.99,14,33.8,163.8,0.1,711.7,4.6,48.6,0.2,0.0,2.83,0.1,0.1,490.3,0.005,0.8,1.1,1,2.07,
Site_18_Outside_Control,2025-04-05 04:00,Site_18,Outside_Control,Prairie,477.0,25.2,36.2,0,1,1.13,15.9,1.68,0.9,3.13,10,22.9,219.0,0.1,1095.2,5.9,34.4,0.2,0.0,2.85,0.0,0.2,427.5,0.004,0.9,1.5,2,1.85,
Site_19_Inside_Control,2025-04-05 08:00,Site_19,Inside_Control,Desert,417.9,27.6,46.6,1,1,1.21,15.6,1.71,0.8,3.52,14,23.6,202.2,0.1,1017.1,4.0,31.0,0.3,0.0,2.46,0.0,0.1,486.6,0.005,0.9,1.1,2,0.91,
Site_19_Inside_Control,2025-04-05 12:00,Site_19,Inside_Control,Desert,426.9,20.3,40.1,0,1,0.9,14.0,2.4,0.9,2.74,14,24.5,177.4,0.1,935.3,3.3,34.3,0.2,0.0,2.71,0.0,0.2,486.1,0.004,0.9,1.0,1,1.03,
Site_19_High_CO2,2025-04-05 08:00,Site_19,High_CO2,Desert,537.3,27.6,59.6,1,0,0.92,11.3,2.02,1.0,2.51,10,21.2,213.0,0.0,1435.5,3.6,39.8,0.3,0.1,2.76,0.0,0.1,425.8,0.003,0.9,1.8,4,1.3,
Site_19_High_CO2,2025-04-05 12:00,Site_19,High_CO2,Desert,461.5,23.6,48.4,1,0,1.45,17.4,2.95,1.0,2.71,8,26.4,231.5,0.1,1053.3,3.2,46.9,0.2,0.0,3.0,0.0,0.2,493.3,0.002,0.8,1.2,2,1.11,
Site_19_Fertilizer,2025-04-05 08:00,Site_19,Fertilizer,Desert,451.2,24.4,84.8,1,0,1.34,11.6,2.11,0.9,2.89,10,21.4,155.3,0.1,1278.5,5.7,57.5,0.3,0.1,2.18,0.0,0.2,446.4,0.002,0.9,1.4,4,0.97,
Site_19_Fertilizer,2025-04-05 12:00,Site_19,Fertilizer,Desert,426.1,20.6,72.0,0,1,1.15,10.9,1.82,0.9,3.51,10,30.4,150.2,0.0,1286.6,5.4,30.5,0.2,0.0,2.71,0.0,0.1,510.6,0.005,0.9,1.5,1,0.5,
Site_19_Heat,2025-04-05 08:00,Site_19,Heat,Desert,425.4,28.8,58.7,1,0,1.11,10.9,2.56,0.8,3.98,13,20.7,241.6,0.1,680.1,3.2,56.7,0.3,0.1,2.49,0.1,0.1,436.7,0.004,0.8,1.7,1,0.91,
Site_19_Heat,2025-04-05 12:00,Site_19,Heat,Desert,460.4,28.9,44.9,1,1,0.93,12.2,2.01,0.9,3.1,8,22.9,168.5,0.1,704.4,4.0,53.0,0.1,0.0,2.07,0.1,0.2,480.8,0.003,0.8,1.1,4,0.94,
Site_19_Outside_Control,2025-04-05 08:00,Site_19,Outside_Control,Desert,410.8,24.5,34.5,1,0,1.23,16.3,2.21,0.8,3.49,14,29.0,195.6,0.1,713.7,3.6,47.2,0.2,0.1,2.46,0.1,0.1,464.8,0.001,0.9,1.5,4,0.62,
Site_19_Outside_Control,2025-04-05 12:00,Site_19,Outside_Control,Desert,443.2,21.2,30.2,1,0,0.79,17.5,1.76,1.0,2.6,12,23.0,188.9,0.1,1166.6,5.1,40.2,0.2,0.1,2.49,0.1,0.2,442.5,0.002,0.8,1.1,1,1.06,
Site_20_Inside_Control,2025-04-05 16:00,Site_20,Inside_Control,Wetland,452.8,22.1,53.0,1,0,0.72,11.1,2.57,0.9,3.67,9,21.5,191.5,0.1,1428.3,4.0,42.2,0.3,0.0,2.25,0.0,0.2,536.3,0.001,0.8,1.7,2,3.22,https://example.com/data/Site_20_Inside_Control/diversity.csv
Site_20_Inside_Control,2025-04-05 20:00,Site_20,Inside_Control,Wetland,425.8,23.1,48.2,0,0,1.22,15.7,2.45,1.0,3.46,8,32.6,241.3,0.0,659.8,3.4,37.6,0.2,0.0,2.06,0.1,0.2,516.8,0.001,0.9,1.7,3,3.55,https://example.com/data/Site_20_Inside_Control/gene_flow.csv
Site_20_High_CO2,2025-04-05 16:00,Site_20,High_CO2,Wetland,482.3,20.6,35.8,0,0,0.84,17.6,2.11,0.9,3.7,8,34.6,215.9,0.1,1087.7,4.6,53.5,0.2,0.0,2.76,0.0,0.1,466.5,0.002,0.9,1.5,4,2.8,
Site_20_High_CO2,2025-04-05 20:00,Site_20,High_CO2,Wetland,508.4,25.1,43.9,1,1,1.12,11.6,2.18,0.9,3.74,14,22.7,173.9,0.1,1372.2,3.5,39.7,0.2,0.0,2.14,0.1,0.2,446.1,0.005,0.9,1.2,1,3.36,
Site_20_Fertilizer,2025-04-05 16:00,Site_20,Fertilizer,Wetland,489.2,21.8,84.4,0,1,1.18,17.1,2.6,1.0,3.96,13,22.7,243.5,0.1,740.4,5.2,50.9,0.1,0.1,2.43,0.0,0.1,433.5,0.001,0.8,1.4,1,3.12,
Site_20_Fertilizer,2025-04-05 20:00,Site_20,Fertilizer,Wetland,497.7,24.4,69.4,0,1,0.87,14.0,2.36,0.9,2.64,12,24.0,200.8,0.0,954.3,3.7,31.4,0.2,0.0,2.17,0.1,0.2,434.4,0.003,0.9,1.1,1,2.61,
Site_20_Heat,2025-04-05 16:00,Site_20,Heat,Wetland,463.2,29.0,55.4,0,0,0.77,15.3,2.54,1.0,3.43,14,25.4,247.2,0.0,1476.2,3.3,49.1,0.3,0.1,2.36,0.1,0.2,469.6,0.004,0.9,1.2,3,2.22,
Site_20_Heat,2025-04-05 20:00,Site_20,Heat,Wetland,437.6,31.6,59.2,0,0,1.14,17.1,2.34,0.8,2.98,13,32.9,191.8,0.1,869.6,3.7,46.8,0.2,0.0,2.61,0.1,0.1,454.8,0.003,0.9,1.2,2,2.41,
Site_20_Outside_Control,2025-04-05 16:00,Site_20,Outside_Control,Wetland,417.9,22.5,41.9,0,0,1.05,16.7,2.34,0.9,3.33,9,25.8,193.8,0.0,1033.1,4.8,48.7,0.1,0.0,2.23,0.0,0.1,479.7,0.004,0.8,1.4,3,3.9,
Site_20_Outside_Control,2025-04-05 20:00,Site_20,Outside_Control,Wetland,474.4,22.0,44.2,0,0,1.49,16.2,2.22,0.8,2.96,9,23.6,183.0,0.0,782.2,3.7,35.6,0.1,0.0,2.69,0.0,0.1,524.7,0.001,0.9,1.5,4,3.41,
Site_21_Inside_Control,2025-04-06 00:00,Site_21,Inside_Control,Tundra,426.8,20.7,27.5,0,1,1.1,13.7,1.57,0.9,3.88,8,28.8,203.5,0.1,859.9,3.5,40.6,0.2,0.0,2.91,0.1,0.2,439.5,0.002,0.8,1.5,2,0.83,
Site_21_Inside_Control,2025-04-06 04:00,Site_21,Inside_Control,Tundra,414.8,23.2,25.8,1,0,1.15,13.1,1.6,0.9,2.67,14,30.2,162.1,0.1,629.2,4.3,49.9,0.2,0.0,2.23,0.1,0.1,438.2,0.002,0.8,1.1,1,0.8,
Site_21_High_CO2,2025-04-06 00:00,Site_21,High_CO2,Tundra,533.8,25.5,41.5,0,1,0.94,15.3,2.38,0.8,3.9,12,26.1,213.3,0.1,1480.1,3.8,53.5,0.3,0.1,2.89,0.1,0.2,445.4,0.004,0.9,1.6,1,1.34,
Site_21_High_CO2,2025-04-06 04:00,Site_21,High_CO2,Tundra,479.9,26.9,32.0,1,1,1.35,12.9,2.82,1.0,2.96,8,30.7,177.1,0.1,1353.8,4.6,30.1,0.2,0.1,2.04,0.0,0.2,531.9,0.002,0.8,1.7,2,1.03,
Site_21_Fertilizer,2025-04-06 00:00,Site_21,Fertilizer,Tundra,413.4,27.4,94.7,1,0,0.73,16.1,2.63,0.9,2.7,11,21.5,240.4,0.0,1062.6,5.2,52.9,0.2,0.0,2.7,0.1,0.1,537.4,0.001,0.9,1.2,1,0.8,
Site_21_Fertilizer,2025-04-06 04:00,Site_21,Fertilizer,Tundra,449.3,22.8,96.9,0,0,1.5,11.3,2.89,1.0,3.57,10,20.4,164.8,0.0,1180.0,5.7,40.6,0.3,0.0,2.54,0.0,0.1,528.1,0.003,0.9,1.2,1,1.1,
Site_21_Heat,2025-04-06 00:00,Site_21,Heat,Tundra,410.0,30.3,30.3,0,0,1.31,11.3,2.89,1.0,3.44,8,24.3,231.2,0.0,642.7,5.0,47.2,0.2,0.1,2.31,0.0,0.1,415.1,0.002,0.9,1.5,4,1.14,
Site_21_Heat,2025-04-06 04:00,Site_21,Heat,Tundra,433.5,29.9,27.0,1,1,1.48,17.2,1.93,0.9,3.22,8,26.6,172.5,0.1,773.1,4.3,58.2,0.2,0.0,2.52,0.1,0.2,437.5,0.002,0.9,1.3,1,1.33,
Site_21_Outside_Control,2025-04-06 00:00,Site_21,Outside_Control,Tundra,401.4,26.6,37.3,0,0,1.23,11.8,2.33,1.0,3.45,11,20.6,162.3,0.1,1248.2,5.4,51.9,0.2,0.0,2.94,0.1,0.2,544.3,0.004,0.9,1.3,4,0.64,
Site_21_Outside_Control,2025-04-06 04:00,Site_21,Outside_Control,Tundra,461.6,26.4,53.2,1,0,1.44,15.6,2.25,0.9,2.99,10,30.5,152.2,0.1,1131.9,4.8,57.6,0.2,0.1,2.83,0.1,0.2,541.6,0.005,0.8,1.1,3,1.34,
Site_22_Inside_Control,2025-04-06 08:00,Site_22,Inside_Control,Chaparral,425.9,23.7,55.4,1,1,1.0,17.8,2.79,0.8,3.76,13,33.0,154.5,0.1,1201.7,5.6,46.5,0.2,0.0,2.23,0.1,0.1,463.2,0.002,0.9,1.6,1,2.45,
Site_22_Inside_Control,2025-04-06 12:00,Site_22,Inside_Control,Chaparral,447.1,22.1,31.1,1,1,0.77,17.2,2.8,0.8,3.77,10,27.8,233.4,0.1,1156.0,5.9,37.2,0.2,0.0,2.39,0.1,0.1,505.0,0.002,0.9,1.8,4,1.8,
Site_22_High_CO2,2025-04-06 08:00,Site_22,High_CO2,Chaparral,493.1,25.9,44.6,0,1,1.08,11.0,2.25,0.9,3.2,13,22.2,210.9,0.1,1347.9,5.1,45.3,0.2,0.1,2.17,0.1,0.2,523.1,0.004,0.8,1.1,4,1.9,
Site_22_High_CO2,2025-04-06 12:00,Site_22,High_CO2,Chaparral,497.8,21.9,44.9,0,0,0.86,11.0,2.97,1.0,3.17,10,28.8,180.3,0.1,1472.2,4.2,32.3,0.2,0.1,2.42,0.0,0.1,549.7,0.004,0.9,1.1,3,1.26,
Site_22_Fertilizer,2025-04-06 08:00,Site_22,Fertilizer,Chaparral,465.9,24.6,94.1,1,1,1.04,13.6,1.78,0.9,3.18,14,32.8,176.2,0.1,1431.8,5.2,39.3,0.2,0.1,2.57,0.1,0.2,516.2,0.005,0.8,1.7,3,1.36,
Site_22_Fertilizer,2025-04-06 12:00,Site_22,Fertilizer,Chaparral,474.9,21.4,66.8,1,0,1.3,16.7,2.63,1.0,3.31,8,25.8,214.0,0.1,1015.4,5.2,32.8,0.1,0.1,2.03,0.1,0.1,503.1,0.002,0.9,1.6,4,1.21,
Site_22_Heat,2025-04-06 08:00,Site_22,Heat,Chaparral,465.1,31.1,52.1,0,0,1.5,10.3,1.98,0.9,3.82,13,34.5,214.4,0.1,1477.7,4.7,41.3,0.3,0.0,2.83,0.0,0.1,464.3,0.003,0.8,1.7,2,1.38,
Site_22_Heat,2025-04-06 12:00,Site_22,Heat,Chaparral,476.0,29.7,50.5,0,0,1.23,16.9,1.98,0.8,2.94,13,31.6,198.7,0.1,1220.9,5.2,56.3,0.2,0.0,2.78,0.1,0.2,506.6,0.003,0.8,1.6,2,1.33,
Site_22_Outside_Control,2025-04-06 08:00,Site_22,Outside_Control,Chaparral,406.4,26.8,51.6,1,1,0.84,17.8,1.88,1.0,3.77,11,23.7,203.2,0.1,1308.5,5.6,46.3,0.3,0.0,2.83,0.0,0.1,511.1,0.001,0.9,1.7,1,2.19,
Site_22_Outside_Control,2025-04-06 12:00,Site_22,Outside_Control,Chaparral,454.9,21.9,46.1,1,1,1.28,16.0,2.61,0.9,2.69,14,29.8,176.3,0.0,1407.4,3.1,50.2,0.2,0.1,2.44,0.1,0.1,418.4,0.004,0.8,1.5,1,1.76,
Site_23_Inside_Control,2025-04-06 16:00,Site_23,Inside_Control,Savanna,465.3,21.7,58.8,1,1,1.19,14.1,2.34,0.9,3.24,11,23.9,160.2,0.1,811.1,5.7,44.0,0.3,0.1,2.13,0.1,0.2,482.3,0.004,0.9,1.5,1,1.92,
Site_23_Inside_Control,2025-04-06 20:00,Site_23,Inside_Control,Savanna,499.4,20.7,26.1,0,1,0.7,12.6,2.45,0.9,3.09,8,23.6,211.9,0.1,1032.4,5.3,46.3,0.2,0.0,2.34,0.1,0.1,499.1,0.004,0.9,1.2,3,1.95,
Site_23_High_CO2,2025-04-06 16:00,Site_23,High_CO2,Savanna,512.6,27.8,40.5,0,1,0.75,11.6,1.84,1.0,4.0,14,26.9,158.9,0.0,794.0,4.3,49.9,0.3,0.1,2.71,0.0,0.1,424.0,0.004,0.9,1.7,2,2.67,
Site_23_High_CO2,2025-04-06 20:00,Site_23,High_CO2,Savanna,549.5,23.5,35.5,0,1,0.84,13.1,2.3,0.8,2.74,8,25.0,158.3,0.0,1155.3,3.4,38.0,0.2,0.1,2.81,0.1,0.2,505.7,0.002,0.9,1.3,1,2.41,
Site_23_Fertilizer,2025-04-06 16:00,Site_23,Fertilizer,Savanna,402.4,27.5,91.0,0,1,0.93,12.0,1.95,0.9,3.93,10,24.2,248.5,0.0,714.4,3.1,45.5,0.3,0.1,2.25,0.1,0.1,549.6,0.004,0.8,1.7,1,2.1,
Site_23_Fertilizer,2025-04-06 20:00,Site_23,Fertilizer,Savanna,472.6,21.5,93.0,1,0,1.27,13.7,2.07,1.0,3.21,12,28.7,218.7,0.1,1430.1,3.4,34.8,0.1,0.0,2.48,0.0,0.2,521.2,0.001,0.8,1.0,4,1.5,
Site_23_Heat,2025-04-06 16:00,Site_23,Heat,Savanna,461.6,29.8,48.0,0,1,0.71,15.8,2.85,0.9,3.42,13,26.1,226.3,0.0,1166.5,4.8,59.6,0.3,0.0,2.08,0.0,0.1,400.1,0.004,0.9,1.4,1,1.51,
Site_23_Heat,2025-04-06 20:00,Site_23,Heat,Savanna,420.1,31.8,34.2,0,1,1.14,11.8,2.06,0.9,3.0,8,34.5,152.9,0.1,1216.3,3.6,40.8,0.2,0.1,2.97,0.1,0.2,441.2,0.002,0.9,1.5,4,1.69,
Site_23_Outside_Control,2025-04-06 16:00,Site_23,Outside_Control,Savanna,492.8,22.5,41.1,1,1,0.76,10.6,2.13,0.9,2.65,14,29.4,171.5,0.0,728.3,3.6,39.9,0.3,0.1,2.34,0.0,0.1,477.2,0.002,0.8,1.5,1,1.99,
Site_23_Outside_Control,2025-04-06 20:00,Site_23,Outside_Control,Savanna,440.6,24.3,33.4,0,0,1.15,15.8,2.12,0.9,3.47,14,22.1,178.1,0.1,792.3,5.9,48.5,0.2,0.0,2.62,0.1,0.2,484.9,0.002,0.8,1.5,3,2.79,
Site_24_Inside_Control,2025-04-07 00:00,Site_24,Inside_Control,Coniferous_Forest,490.8,24.1,49.9,1,0,0.96,15.9,2.62,1.0,3.83,10,31.0,207.6,0.0,838.0,3.4,49.5,0.2,0.0,2.26,0.1,0.1,539.8,0.001,0.8,1.2,3,2.3,
Site_24_Inside_Control,2025-04-07 04:00,Site_24,Inside_Control,Coniferous_Forest,403.1,21.1,46.2,1,0,1.27,15.1,2.29,1.0,3.89,12,32.3,214.0,0.0,1218.8,6.0,30.6,0.3,0.1,2.78,0.0,0.1,452.6,0.002,0.8,1.7,1,3.2,
Site_24_High_CO2,2025-04-07 00:00,Site_24,High_CO2,Coniferous_Forest,525.3,22.4,32.9,0,1,1.17,10.7,2.2,0.8,3.86,14,28.0,220.0,0.0,1074.7,4.6,36.6,0.1,0.0,2.54,0.0,0.1,500.8,0.002,0.9,1.6,1,1.74,
Site_24_High_CO2,2025-04-07 04:00,Site_24,High_CO2,Coniferous_Forest,464.7,21.3,55.9,0,0,1.06,10.0,2.9,0.9,3.64,9,34.0,151.7,0.0,852.5,4.5,56.7,0.1,0.0,2.73,0.0,0.2,466.0,0.004,0.8,1.6,4,2.93,
Site_24_Fertilizer,2025-04-07 00:00,Site_24,Fertilizer,Coniferous_Forest,404.1,26.7,67.7,0,1,0.75,15.0,2.11,0.8,2.93,14,23.6,189.4,0.1,846.0,4.6,33.4,0.3,0.0,2.35,0.0,0.1,437.5,0.003,0.9,1.3,3,1.44,
Site_24_Fertilizer,2025-04-07 04:00,Site_24,Fertilizer,Coniferous_Forest,403.4,24.9,72.7,0,0,1.44,15.4,2.04,0.9,3.09,13,26.9,236.8,0.0,775.4,5.6,55.3,0.1,0.1,2.55,0.1,0.1,461.1,0.005,0.9,1.0,3,2.26,
Site_24_Heat,2025-04-07 00:00,Site_24,Heat,Coniferous_Forest,417.0,31.3,33.4,0,1,0.97,11.1,2.0,1.0,3.13,9,31.7,242.8,0.0,1052.9,4.3,39.7,0.2,0.0,2.08,0.1,0.2,494.0,0.004,0.9,1.2,2,1.76,
Site_24_Heat,2025-04-07 04:00,Site_24,Heat,Coniferous_Forest,409.5,29.7,55.2,1,0,1.29,15.2,2.64,0.8,3.69,14,23.8,234.5,0.1,1495.9,4.9,32.8,0.2,0.1,2.88,0.0,0.2,494.8,0.003,0.8,1.6,4,1.36,
Site_24_Outside_Control,2025-04-07 00:00,Site_24,Outside_Control,Coniferous_Forest,490.1,21.2,48.6,1,1,1.45,15.0,1.81,0.8,3.69,8,25.8,169.0,0.0,1431.1,3.8,44.0,0.3,0.1,2.63,0.1,0.1,539.1,0.005,0.8,1.2,2,2.69,
Site_24_Outside_Control,2025-04-07 04:00,Site_24,Outside_Control,Coniferous_Forest,481.9,20.0,52.7,1,0,1.07,15.3,2.93,0.9,3.87,8,29.6,180.7,0.1,602.7,3.7,32.0,0.2,0.0,2.26,0.1,0.2,409.9,0.003,0.9,1.5,2,2.75,
Site_25_Inside_Control,2025-04-07 08:00,Site_25,Inside_Control,Temperate_Forest,421.3,20.4,54.4,0,0,1.31,10.2,1.67,0.9,3.8,13,34.1,205.7,0.1,676.3,4.1,37.3,0.1,0.0,2.61,0.0,0.2,423.3,0.004,0.9,1.5,2,3.42,
Site_25_Inside_Control,2025-04-07 12:00,Site_25,Inside_Control,Temperate_Forest,413.1,22.3,38.3,0,0,1.34,10.1,2.37,0.9,3.2,11,32.0,165.4,0.1,794.2,5.5,40.3,0.3,0.0,2.1,0.1,0.2,471.1,0.003,0.8,1.5,2,2.62,
Site_25_High_CO2,2025-04-07 08:00,Site_25,High_CO2,Temperate_Forest,500.6,24.4,56.3,1,1,0.85,14.9,2.13,1.0,3.95,10,29.3,171.1,0.0,1324.2,5.4,40.5,0.3,0.0,2.65,0.1,0.1,455.9,0.003,0.8,1.4,2,2.66,
Site_25_High_CO2,2025-04-07 12:00,Site_25,High_CO2,Temperate_Forest,506.7,25.8,43.4,0,0,0.87,17.4,2.31,0.8,3.44,9,29.7,189.9,0.1,1465.1,5.2,56.4,0.1,0.0,2.18,0.1,0.1,511.7,0.005,0.8,1.3,4,2.16,
Site_25_Fertilizer,2025-04-07 08:00,Site_25,Fertilizer,Temperate_Forest,410.4,25.2,90.4,0,1,1.3,14.2,2.1,0.8,3.01,10,32.5,226.1,0.1,1291.8,5.7,46.4,0.2,0.0,2.28,0.1,0.2,477.5,0.004,0.9,1.1,4,2.37,
Site_25_Fertilizer,2025-04-07 12:00,Site_25,Fertilizer,Temperate_Forest,463.5,25.7,98.8,0,1,0.89,10.6,2.97,0.8,3.62,8,21.6,187.3,0.1,1127.7,3.9,52.2,0.2,0.0,2.9,0.1,0.1,543.1,0.002,0.8,1.1,3,1.93,
Site_25_Heat,2025-04-07 08:00,Site_25,Heat,Temperate_Forest,497.8,30.4,35.6,1,0,1.14,16.6,2.36,1.0,3.75,10,34.1,194.1,0.1,1420.3,5.0,30.6,0.3,0.0,2.36,0.0,0.2,488.5,0.004,0.8,1.0,4,1.71,
Site_25_Heat,2025-04-07 12:00,Site_25,Heat,Temperate_Forest,494.0,31.7,56.8,1,1,1.45,12.2,1.52,0.9,2.69,13,20.2,206.6,0.1,890.8,3.8,37.3,0.1,0.0,2.14,0.0,0.1,428.9,0.003,0.8,1.5,3,2.08,
Site_25_Outside_Control,2025-04-07 08:00,Site_25,Outside_Control,Temperate_Forest,458.9,22.4,34.0,1,0,0.8,15.1,2.87,0.8,3.1,10,22.1,151.1,0.1,1320.9,4.1,36.6,0.3,0.0,2.1,0.0,0.2,501.5,0.004,0.9,1.4,1,3.21,
Site_25_Outside_Control,2025-04-07 12:00,Site_25,Outside_Control,Temperate_Forest,471.6,25.4,35.1,0,0,1.3,14.5,1.58,0.8,3.88,8,34.5,194.3,0.0,1219.7,4.7,52.5,0.1,0.0,2.81,0.0,0.2,547.1,0.002,0.9,1.0,3,3.89,
Site_26_Inside_Control,2025-04-07 16:00,Site_26,Inside_Control,Prairie,487.0,22.3,56.5,1,1,1.47,10.2,1.71,0.9,3.32,13,29.0,231.3,0.1,856.7,4.7,30.6,0.2,0.0,2.01,0.0,0.1,532.0,0.003,0.9,1.2,1,2.87,
Site_26_Inside_Control,2025-04-07 20:00,Site_26,Inside_Control,Prairie,455.7,24.9,46.6,1,1,0.91,10.7,1.73,0.8,3.14,12,27.1,162.6,0.1,1001.0,5.0,42.6,0.2,0.1,2.54,0.1,0.1,424.2,0.002,0.8,1.4,1,2.6,
Site_26_High_CO2,2025-04-07 16:00,Site_26,High_CO2,Prairie,493.2,24.7,32.7,0,0,1.01,11.4,1.58,0.9,3.37,12,26.7,190.0,0.0,1139.1,3.3,33.9,0.3,0.0,2.28,0.1,0.1,401.1,0.002,0.9,1.3,4,1.68,
Site_26_High_CO2,2025-04-07 20:00,Site_26,High_CO2,Prairie,475.8,26.0,54.1,1,1,0.76,11.6,2.63,0.9,2.52,12,28.1,247.7,0.0,1183.0,4.5,57.1,0.3,0.1,2.91,0.1,0.2,443.9,0.005,0.9,1.1,1,2.15,
Site_26_Fertilizer,2025-04-07 16:00,Site_26,Fertilizer,Prairie,412.4,22.5,64.4,1,1,0.99,13.4,2.01,0.8,3.75,10,33.6,202.4,0.0,808.4,3.9,31.3,0.2,0.1,2.03,0.1,0.1,466.9,0.003,0.9,1.5,2,2.02,
Site_26_Fertilizer,2025-04-07 20:00,Site_26,Fertilizer,Prairie,425.2,21.0,66.2,0,1,1.04,10.6,1.57,0.9,3.7,9,26.0,234.8,0.1,1335.2,3.8,34.9,0.1,0.1,2.76,0.1,0.1,522.8,0.002,0.8,1.5,3,2.49,
Site_26_Heat,2025-04-07 16:00,Site_26,Heat,Prairie,474.2,28.6,45.0,1,1,0.77,15.7,1.76,0.9,3.13,14,29.2,241.9,0.1,867.9,3.7,49.0,0.2,0.0,2.63,0.0,0.2,429.5,0.004,0.8,1.2,4,2.1,
Site_26_Heat,2025-04-07 20:00,Site_26,Heat,Prairie,494.4,30.3,49.6,0,0,0.82,11.9,2.06,0.9,2.88,11,25.6,176.9,0.1,1331.7,4.7,52.2,0.2,0.1,2.65,0.1,0.1,458.2,0.001,0.9,1.4,1,1.67,
Site_26_Outside_Control,2025-04-07 16:00,Site_26,Outside_Control,Prairie,461.9,24.9,40.1,0,0,0.99,17.6,1.63,0.9,3.74,8,22.1,213.7,0.0,1449.6,4.4,31.5,0.2,0.0,2.23,0.0,0.2,400.4,0.003,0.8,1.7,4,2.12,
Site_26_Outside_Control,2025-04-07 20:00,Site_26,Outside_Control,Prairie,427.8,20.6,29.6,1,0,1.31,15.7,2.07,0.9,2.89,9,32.6,177.9,0.1,1468.4,4.3,40.9,0.2,0.0,2.31,0.0,0.2,463.7,0.004,0.9,1.8,2,2.49,
Site_27_Inside_Control,2025-04-08 00:00,Site_27,Inside_Control,Desert,473.8,22.8,56.1,1,1,1.27,10.5,2.76,0.9,3.35,9,20.8,182.0,0.0,1264.9,5.4,30.8,0.2,0.0,2.37,0.1,0.1,480.6,0.004,0.9,1.0,4,0.81,
Site_27_Inside_Control,2025-04-08 04:00,Site_27,Inside_Control,Desert,413.3,20.7,49.9,1,1,0.84,17.3,2.18,1.0,3.0,11,29.3,189.1,0.1,950.8,4.7,38.4,0.2,0.1,2.17,0.0,0.1,400.1,0.002,0.9,1.1,1,1.41,
Site_27_High_CO2,2025-04-08 00:00,Site_27,High_CO2,Desert,457.6,26.2,59.2,0,1,1.09,12.9,2.52,0.8,3.73,13,29.8,178.9,0.0,1151.3,3.3,46.1,0.2,0.0,2.02,0.1,0.2,448.3,0.002,0.9,1.2,4,1.09,
Site_27_High_CO2,2025-04-08 04:00,Site_27,High_CO2,Desert,488.3,25.3,49.6,0,0,1.21,12.0,2.74,0.9,3.2,11,31.4,209.9,0.0,1485.9,4.2,42.1,0.2,0.1,2.36,0.0,0.1,427.1,0.002,0.8,1.1,4,1.25,
Site_27_Fertilizer,2025-04-08 00:00,Site_27,Fertilizer,Desert,429.0,26.3,80.5,0,1,1.04,13.6,2.84,1.0,3.83,14,30.7,170.5,0.0,960.3,3.5,58.2,0.2,0.0,2.69,0.1,0.2,473.8,0.003,0.9,1.1,4,0.36,
Site_27_Fertilizer,2025-04-08 04:00,Site_27,Fertilizer,Desert,462.3,21.3,87.1,1,0,1.11,15.0,2.91,1.0,3.24,11,31.9,224.6,0.1,996.7,5.5,45.0,0.1,0.1,2.97,0.1,0.2,525.1,0.003,0.8,1.4,2,1.05,
Site_27_Heat,2025-04-08 00:00,Site_27,Heat,Desert,412.9,31.5,59.8,1,1,1.41,17.4,2.92,1.0,3.25,12,32.1,174.2,0.1,1395.2,4.9,53.3,0.2,0.0,2.93,0.0,0.2,463.2,0.005,0.9,1.3,4,0.95,
Site_27_Heat,2025-04-08 04:00,Site_27,Heat,Desert,462.3,28.6,52.4,0,0,0.81,10.5,1.62,0.9,3.58,11,33.1,156.3,0.0,725.4,5.3,53.3,0.1,0.1,2.07,0.1,0.1,437.9,0.005,0.8,1.2,2,0.91,
Site_27_Outside_Control,2025-04-08 00:00,Site_27,Outside_Control,Desert,484.3,23.2,50.5,1,0,0.73,17.4,2.05,0.9,2.91,9,27.9,175.4,0.0,1230.2,4.8,47.5,0.2,0.0,2.77,0.1,0.2,423.7,0.005,0.8,1.6,1,1.38,
Site_27_Outside_Control,2025-04-08 04:00,Site_27,Outside_Control,Desert,475.3,23.9,55.2,0,1,1.06,17.2,2.71,0.8,3.86,10,24.0,179.3,0.1,923.7,3.9,55.8,0.2,0.0,2.88,0.0,0.2,522.0,0.002,0.8,1.3,2,1.21,
Site_28_Inside_Control,2025-04-08 08:00,Site_28,Inside_Control,Wetland,421.9,27.5,43.9,0,0,0.7,10.2,1.82,0.9,3.17,10,32.3,240.2,0.1,1215.4,3.8,48.3,0.2,0.0,2.54,0.0,0.2,514.0,0.003,0.9,1.8,4,3.43,
Site_28_Inside_Control,2025-04-08 12:00,Site_28,Inside_Control,Wetland,487.4,20.4,42.1,0,0,0.97,11.3,2.81,0.8,3.63,13,23.5,231.2,0.0,1162.8,3.6,54.8,0.1,0.0,2.25,0.1,0.2,489.3,0.002,0.9,1.2,1,3.19,
Site_28_High_CO2,2025-04-08 08:00,Site_28,High_CO2,Wetland,500.4,27.4,26.9,1,1,1.21,12.7,1.67,0.9,3.38,13,31.7,233.1,0.0,1446.8,5.7,37.5,0.1,0.1,2.94,0.1,0.2,427.2,0.002,0.9,1.5,1,3.06,
Site_28_High_CO2,2025-04-08 12:00,Site_28,High_CO2,Wetland,478.6,20.0,40.8,0,0,1.25,13.2,2.11,0.8,2.59,14,24.1,198.3,0.0,1346.3,5.9,50.0,0.1,0.0,2.17,0.1,0.1,470.5,0.002,0.9,1.6,2,2.59,
Site_28_Fertilizer,2025-04-08 08:00,Site_28,Fertilizer,Wetland,497.8,23.2,89.0,0,1,1.49,14.7,2.12,0.8,3.9,13,34.8,179.7,0.1,747.9,5.2,45.6,0.2,0.0,2.0,0.0,0.1,473.8,0.004,0.9,1.7,2,2.64,
Site_28_Fertilizer,2025-04-08 12:00,Site_28,Fertilizer,Wetland,476.2,26.2,81.7,0,0,0.98,13.2,2.73,0.9,3.64,12,22.7,244.6,0.1,775.5,3.9,31.2,0.1,0.1,2.13,0.1,0.1,473.2,0.003,0.8,1.0,1,2.37,
Site_28_Heat,2025-04-08 08:00,Site_28,Heat,Wetland,483.5,29.5,37.6,1,1,1.03,13.0,2.68,1.0,2.96,14,26.3,223.0,0.1,1059.0,4.6,50.7,0.3,0.1,2.51,0.0,0.1,401.3,0.002,0.9,1.6,3,2.85,
Site_28_Heat,2025-04-08 12:00,Site_28,Heat,Wetland,421.5,29.1,26.7,0,0,1.16,10.6,1.72,1.0,2.52,9,25.5,188.5,0.1,810.7,3.3,40.9,0.3,0.1,2.32,0.1,0.1,536.7,0.002,0.9,1.4,3,2.03,
Site_28_Outside_Control,2025-04-08 08:00,Site_28,Outside_Control,Wetland,457.9,27.6,42.5,0,0,1.2,11.8,1.61,0.9,3.67,9,28.3,219.6,0.1,611.6,3.2,51.7,0.3,0.1,2.57,0.0,0.2,496.0,0.002,0.8,1.6,4,3.07,
Site_28_Outside_Control,2025-04-08 12:00,Site_28,Outside_Control,Wetland,420.6,24.4,31.7,1,0,1.22,17.1,2.27,1.0,3.09,10,21.5,154.7,0.1,1441.4,5.1,33.6,0.2,0.0,2.32,0.0,0.1,432.8,0.002,0.9,1.2,3,3.97,
Site_29_Inside_Control,2025-04-08 16:00,Site_29,Inside_Control,Tundra,447.1,24.9,37.4,1,0,1.4,12.3,1.7,0.9,3.22,14,28.4,167.5,0.1,959.0,3.2,43.4,0.1,0.0,2.64,0.1,0.2,545.1,0.005,0.9,1.4,3,0.57,
Site_29_Inside_Control,2025-04-08 20:00,Site_29,Inside_Control,Tundra,496.3,21.5,57.0,1,0,1.1,13.9,2.57,0.8,2.64,12,29.7,153.6,0.1,1395.0,5.9,34.9,0.2,0.0,2.48,0.0,0.1,400.7,0.003,0.9,1.1,3,0.92,
Site_29_High_CO2,2025-04-08 16:00,Site_29,High_CO2,Tundra,531.0,27.5,41.5,1,1,1.42,10.2,2.07,0.8,3.03,13,33.1,209.9,0.0,1353.1,3.1,41.5,0.1,0.1,2.17,0.0,0.2,530.7,0.004,0.9,1.3,1,1.11,
Site_29_High_CO2,2025-04-08 20:00,Site_29,High_CO2,Tundra,526.5,27.6,31.7,0,1,1.32,11.5,2.97,0.9,3.57,9,21.2,171.2,0.1,1405.4,5.4,36.6,0.1,0.0,2.75,0.1,0.1,530.4,0.003,0.8,1.4,1,1.49,
Site_29_Fertilizer,2025-04-08 16:00,Site_29,Fertilizer,Tundra,404.2,21.4,89.7,0,0,1.07,16.6,2.45,0.9,2.92,13,25.9,225.1,0.1,670.0,4.8,32.7,0.3,0.1,2.55,0.0,0.1,478.9,0.005,0.8,1.3,3,1.27,
Site_29_Fertilizer,2025-04-08 20:00,Site_29,Fertilizer,Tundra,433.6,26.8,63.8,1,1,1.1,13.6,1.58,0.9,3.09,8,27.5,233.9,0.1,1181.6,5.6,36.1,0.3,0.1,2.89,0.0,0.2,492.9,0.001,0.9,1.4,1,0.73,
Site_29_Heat,2025-04-08 16:00,Site_29,Heat,Tundra,414.0,28.6,48.9,0,0,0.77,14.2,1.68,1.0,3.43,14,23.0,229.6,0.1,1051.1,3.4,39.0,0.1,0.0,2.1,0.0,0.1,475.7,0.005,0.9,1.1,3,0.68,
Site_29_Heat,2025-04-08 20:00,Site_29,Heat,Tundra,451.4,31.7,25.9,1,0,1.15,16.6,2.66,0.9,3.8,12,20.9,226.1,0.1,1092.0,3.1,40.8,0.2,0.0,2.52,0.1,0.1,430.6,0.002,0.9,1.6,3,1.03,
Site_29_Outside_Control,2025-04-08 16:00,Site_29,Outside_Control,Tundra,490.0,23.2,48.6,1,1,1.11,17.0,1.94,0.9,3.61,9,31.1,198.6,0.1,679.0,5.4,34.9,0.3,0.0,2.88,0.1,0.2,462.0,0.002,0.8,1.5,1,1.31,
Site_29_Outside_Control,2025-04-08 20:00,Site_29,Outside_Control,Tundra,451.8,21.5,48.4,1,0,0.96,17.9,2.25,0.9,2.52,12,31.4,203.2,0.1,1099.4,5.0,39.8,0.3,0.0,2.38,0.1,0.2,485.3,0.002,0.8,1.2,4,0.85,
Site_30_Inside_Control,2025-04-09 00:00,Site_30,Inside_Control,Chaparral,485.8,27.9,26.8,0,1,0.75,17.3,2.07,0.8,3.98,11,28.2,236.6,0.0,1055.3,3.6,53.8,0.2,0.0,2.79,0.1,0.1,451.4,0.005,0.9,1.3,3,2.31,https://example.com/data/Site_30_Inside_Control/diversity.csv
Site_30_Inside_Control,2025-04-09 04:00,Site_30,Inside_Control,Chaparral,446.0,22.9,38.2,0,0,0.93,12.7,2.34,0.9,3.77,11,29.3,232.4,0.1,1284.3,3.9,58.7,0.2,0.1,2.16,0.1,0.1,520.0,0.001,0.8,1.7,4,1.63,https://example.com/data/Site_30_Inside_Control/mutations.csv
Site_30_High_CO2,2025-04-09 00:00,Site_30,High_CO2,Chaparral,461.8,24.0,40.3,1,1,1.16,13.2,1.65,0.9,3.07,8,20.0,166.6,0.1,877.0,5.6,42.2,0.2,0.1,2.29,0.1,0.2,416.9,0.004,0.9,1.7,2,1.27,
Site_30_High_CO2,2025-04-09 04:00,Site_30,High_CO2,Chaparral,541.0,24.9,36.8,1,0,0.78,11.0,1.6,1.0,2.51,12,29.6,233.2,0.1,1462.7,6.0,58.4,0.1,0.0,2.71,0.1,0.1,401.8,0.004,0.8,1.1,4,2.24,
Site_30_Fertilizer,2025-04-09 00:00,Site_30,Fertilizer,Chaparral,492.5,22.8,75.7,0,0,1.44,14.3,2.47,1.0,2.92,10,30.1,176.0,0.0,979.0,4.9,52.8,0.3,0.0,2.29,0.1,0.1,437.5,0.002,0.8,1.5,4,1.48,
Site_30_Fertilizer,2025-04-09 04:00,Site_30,Fertilizer,Chaparral,400.1,20.6,68.1,0,0,0.97,17.3,2.76,0.9,3.94,14,33.7,224.3,0.1,732.8,5.1,55.8,0.2,0.0,2.69,0.0,0.2,427.4,0.004,0.9,1.7,3,1.97,
Site_30_Heat,2025-04-09 00:00,Site_30,Heat,Chaparral,447.6,31.4,43.4,0,1,1.26,12.9,2.47,0.9,2.6,10,31.2,232.4,0.1,1304.1,5.0,42.8,0.2,0.1,2.19,0.0,0.2,449.7,0.003,0.9,1.0,1,1.69,
Site_30_Heat,2025-04-09 04:00,Site_30,Heat,Chaparral,441.8,30.0,55.1,1,1,1.41,12.2,2.4,0.9,3.22,12,34.5,191.4,0.1,1311.3,5.4,57.8,0.3,0.1,2.77,0.1,0.1,478.9,0.002,0.9,1.2,1,1.03,
Site_30_Outside_Control,2025-04-09 00:00,Site_30,Outside_Control,Chaparral,446.4,28.0,34.7,0,1,0.98,13.1,2.37,0.9,2.53,10,34.4,216.8,0.1,1335.0,5.6,56.4,0.1,0.0,2.49,0.1,0.1,439.5,0.002,0.9,1.1,3,1.6,
Site_30_Outside_Control,2025-04-09 04:00,Site_30,Outside_Control,Chaparral,443.0,26.7,53.7,0,0,1.48,17.4,1.57,0.9,2.63,11,30.4,165.1,0.1,1199.9,5.9,33.5,0.2,0.0,2.95,0.1,0.2,404.4,0.001,0.8,1.3,4,1.72,
Site_31_Inside_Control,2025-04-09 08:00,Site_31,Inside_Control,Savanna,407.0,24.7,48.6,0,1,1.47,14.3,2.8,0.9,3.92,14,23.4,165.9,0.1,1446.3,3.2,51.6,0.3,0.0,2.01,0.1,0.1,440.4,0.004,0.9,1.5,1,2.64,
Site_31_Inside_Control,2025-04-09 12:00,Site_31,Inside_Control,Savanna,432.1,24.9,49.7,1,1,1.18,14.6,1.9,0.9,3.02,14,23.7,197.8,0.1,609.4,5.7,50.7,0.2,0.1,2.71,0.1,0.1,450.8,0.001,0.9,1.6,2,2.61,
Site_31_High_CO2,2025-04-09 08:00,Site_31,High_CO2,Savanna,465.5,26.1,48.6,0,1,1.19,17.2,2.59,1.0,3.8,12,31.6,182.6,0.0,967.9,3.7,43.7,0.1,0.1,2.04,0.1,0.2,543.0,0.004,0.8,1.6,4,1.79,
Site_31_High_CO2,2025-04-09 12:00,Site_31,High_CO2,Savanna,465.2,21.8,27.8,1,1,1.0,11.8,2.12,1.0,3.86,14,31.8,170.7,0.1,1257.8,4.3,52.4,0.1,0.1,2.02,0.0,0.1,511.4,0.001,0.8,1.6,4,2.4,
Site_31_Fertilizer,2025-04-09 08:00,Site_31,Fertilizer,Savanna,482.7,25.8,72.3,1,0,0.86,17.8,1.75,1.0,2.9,10,30.2,227.5,0.1,1037.8,6.0,51.7,0.1,0.1,2.03,0.0,0.1,486.0,0.005,0.9,1.5,2,2.19,
Site_31_Fertilizer,2025-04-09 12:00,Site_31,Fertilizer,Savanna,433.6,26.0,71.8,0,1,1.17,10.6,1.78,0.8,2.87,9,26.2,188.2,0.1,725.2,3.2,52.2,0.2,0.0,2.8,0.0,0.2,418.5,0.001,0.8,1.8,1,2.44,
Site_31_Heat,2025-04-09 08:00,Site_31,Heat,Savanna,432.6,30.5,48.8,1,1,1.45,18.0,1.96,0.8,3.37,9,33.0,224.9,0.0,1048.8,3.9,34.9,0.3,0.0,2.22,0.1,0.1,534.1,0.001,0.9,1.7,3,1.73,
Site_31_Heat,2025-04-09 12:00,Site_31,Heat,Savanna,401.2,28.8,25.9,0,1,0.82,11.8,2.45,0.8,2.7,11,20.1,195.9,0.1,1359.8,5.1,48.7,0.2,0.0,2.42,0.0,0.1,431.4,0.001,0.9,1.6,2,1.29,
Site_31_Outside_Control,2025-04-09 08:00,Site_31,Outside_Control,Savanna,418.9,22.4,41.4,0,1,1.2,16.3,2.11,1.0,3.25,13,26.5,243.1,0.0,1452.3,5.6,55.0,0.1,0.1,2.11,0.0,0.1,423.7,0.004,0.9,1.2,2,2.93,
Site_31_Outside_Control,2025-04-09 12:00,Site_31,Outside_Control,Savanna,486.7,21.6,33.7,1,0,0.8,14.8,1.92,1.0,3.42,10,32.5,248.2,0.0,1338.9,4.8,44.4,0.2,0.0,2.52,0.0,0.2,509.2,0.003,0.9,1.5,2,2.39,
Site_32_Inside_Control,2025-04-09 16:00,Site_32,Inside_Control,Coniferous_Forest,404.9,20.5,53.2,0,1,1.01,16.3,2.45,0.9,2.66,11,35.0,247.8,0.1,603.3,3.6,40.2,0.3,0.0,2.51,0.1,0.1,476.6,0.003,0.8,1.3,4,3.47,
Site_32_Inside_Control,2025-04-09 20:00,Site_32,Inside_Control,Coniferous_Forest,491.3,26.1,54.8,1,1,1.15,17.2,2.5,0.8,3.53,11,21.3,214.5,0.1,1239.4,4.9,44.1,0.1,0.0,2.97,0.0,0.1,541.2,0.002,0.9,1.0,2,3.4,
Site_32_High_CO2,2025-04-09 16:00,Site_32,High_CO2,Coniferous_Forest,481.5,27.2,41.1,1,1,1.25,12.8,2.15,1.0,3.43,12,31.0,237.3,0.0,1436.2,4.0,59.7,0.2,0.0,2.05,0.0,0.1,510.4,0.003,0.9,1.8,2,2.07,
Site_32_High_CO2,2025-04-09 20:00,Site_32,High_CO2,Coniferous_Forest,547.8,27.1,52.5,0,1,0.93,17.6,1.97,0.9,3.99,13,25.6,223.8,0.1,1103.4,4.5,38.2,0.1,0.1,2.62,0.1,0.1,533.4,0.002,0.9,1.1,1,2.37,
Site_32_Fertilizer,2025-04-09 16:00,Site_32,Fertilizer,Coniferous_Forest,473.1,26.3,92.6,1,1,1.37,16.4,1.83,0.9,3.14,9,33.0,195.6,0.1,1372.4,4.2,52.6,0.2,0.0,2.24,0.0,0.1,516.0,0.002,0.9,1.6,3,2.6,
Site_32_Fertilizer,2025-04-09 20:00,Site_32,Fertilizer,Coniferous_Forest,426.6,20.8,88.1,0,0,1.03,16.1,1.99,0.9,3.27,13,26.7,167.1,0.0,1093.8,5.6,52.7,0.2,0.1,2.51,0.0,0.2,488.5,0.003,0.9,1.4,3,1.44,
Site_32_Heat,2025-04-09 16:00,Site_32,Heat,Coniferous_Forest,414.1,30.4,40.5,1,1,0.81,17.5,2.83,0.9,3.91,8,27.1,190.5,0.0,1314.7,4.7,47.7,0.2,0.0,2.1,0.1,0.1,458.6,0.005,0.9,1.7,2,2.17,
Site_32_Heat,2025-04-09 20:00,Site_32,Heat,Coniferous_Forest,479.2,30.9,31.8,0,0,0.72,15.0,1.73,0.9,3.22,9,24.0,198.2,0.1,966.1,4.4,34.8,0.2,0.0,2.26,0.0,0.2,537.7,0.003,0.9,1.2,4,1.87,
Site_32_Outside_Control,2025-04-09 16:00,Site_32,Outside_Control,Coniferous_Forest,487.4,23.8,31.0,0,0,1.19,14.7,2.36,0.9,3.72,10,26.3,156.1,0.1,1481.7,4.7,40.3,0.3,0.0,2.04,0.0,0.1,515.4,0.002,0.8,1.1,2,2.62,
Site_32_Outside_Control,2025-04-09 20:00,Site_32,Outside_Control,Coniferous_Forest,424.2,20.4,47.2,0,0,1.34,13.7,1.75,0.9,2.53,11,20.8,205.4,0.1,945.9,5.9,54.2,0.1,0.1,2.25,0.0,0.1,468.6,0.004,0.9,1.5,3,3.22,
Site_33_Inside_Control,2025-04-10 00:00,Site_33,Inside_Control,Temperate_Forest,433.0,24.6,32.0,1,1,0.91,18.0,2.04,0.8,3.49,9,24.3,213.9,0.1,1347.1,5.8,59.6,0.2,0.0,2.72,0.1,0.2,480.6,0.002,0.9,1.3,1,2.98,
Site_33_Inside_Control,2025-04-10 04:00,Site_33,Inside_Control,Temperate_Forest,449.6,27.4,43.2,1,0,0.77,11.4,1.68,0.9,3.35,11,28.8,238.5,0.1,1452.3,4.2,36.2,0.2,0.1,2.0,0.1,0.1,418.0,0.001,0.9,1.6,3,2.66,
Site_33_High_CO2,2025-04-10 00:00,Site_33,High_CO2,Temperate_Forest,537.8,21.6,59.5,1,0,1.42,12.4,1.88,0.9,3.87,9,29.1,237.3,0.1,605.8,5.0,31.0,0.2,0.0,2.57,0.0,0.2,533.4,0.001,0.8,1.4,1,2.71,
Site_33_High_CO2,2025-04-10 04:00,Site_33,High_CO2,Temperate_Forest,463.1,20.7,48.8,0,0,1.48,16.2,2.91,1.0,3.28,8,28.0,169.8,0.0,1417.2,5.7,45.3,0.1,0.0,2.47,0.0,0.1,422.8,0.003,0.9,1.7,4,2.5,
Site_33_Fertilizer,2025-04-10 00:00,Site_33,Fertilizer,Temperate_Forest,447.5,23.5,61.0,0,1,1.38,12.3,2.59,0.9,2.66,13,26.3,199.7,0.0,640.5,5.9,52.0,0.1,0.1,2.89,0.1,0.2,467.9,0.004,0.8,1.7,1,3.05,
Site_33_Fertilizer,2025-04-10 04:00,Site_33,Fertilizer,Temperate_Forest,411.9,24.4,77.2,1,0,0.99,10.8,2.13,0.8,3.07,12,23.9,202.3,0.0,1170.6,4.6,50.8,0.3,0.0,2.49,0.1,0.1,527.8,0.005,0.9,1.3,3,3.24,
Site_33_Heat,2025-04-10 00:00,Site_33,Heat,Temperate_Forest,495.4,31.1,28.3,0,0,0.94,10.6,2.61,0.9,3.56,14,24.0,229.0,0.1,1363.6,4.4,45.6,0.1,0.0,2.29,0.1,0.1,461.2,0.003,0.9,1.2,1,2.89,
Site_33_Heat,2025-04-10 04:00,Site_33,Heat,Temperate_Forest,474.0,29.2,56.7,1,1,1.27,15.6,2.37,1.0,3.61,11,34.5,223.8,0.1,892.2,4.2,42.4,0.1,0.0,2.54,0.0,0.2,515.0,0.004,0.8,1.1,2,2.19,
Site_33_Outside_Control,2025-04-10 00:00,Site_33,Outside_Control,Temperate_Forest,493.5,23.2,26.4,0,0,1.04,16.2,2.59,1.0,3.63,14,27.4,183.0,0.0,1028.5,5.7,46.6,0.2,0.1,2.03,0.0,0.1,467.6,0.004,0.8,1.1,4,3.14,
Site_33_Outside_Control,2025-04-10 04:00,Site_33,Outside_Control,Temperate_Forest,449.0,20.5,44.4,1,1,1.03,14.6,1.54,0.9,3.21,9,31.8,152.8,0.1,1300.7,3.3,44.7,0.2,0.1,2.15,0.0,0.1,499.2,0.002,0.9,1.3,3,3.81,
Site_34_Inside_Control,2025-04-10 08:00,Site_34,Inside_Control,Prairie,473.8,25.3,40.5,0,0,1.41,14.9,2.67,0.8,3.03,12,23.6,173.4,0.1,1441.3,3.1,42.9,0.2,0.0,2.24,0.1,0.2,505.4,0.002,0.9,1.1,2,1.94,
Site_34_Inside_Control,2025-04-10 12:00,Site_34,Inside_Control,Prairie,473.0,22.7,56.8,0,1,0.77,10.7,2.2,0.9,3.36,9,34.8,233.5,0.0,659.6,4.4,46.9,0.2,0.1,2.25,0.1,0.1,467.6,0.003,0.8,1.4,1,2.36,
Site_34_High_CO2,2025-04-10 08:00,Site_34,High_CO2,Prairie,531.7,26.5,39.2,1,1,1.31,15.6,1.91,0.9,2.87,12,20.9,185.1,0.0,1453.3,4.3,54.8,0.3,0.1,2.2,0.1,0.1,431.8,0.003,0.9,1.0,1,1.88,
Site_34_High_CO2,2025-04-10 12:00,Site_34,High_CO2,Prairie,508.8,20.3,59.0,1,0,0.93,16.7,1.97,0.9,2.55,8,26.1,204.4,0.0,949.9,4.8,43.7,0.2,0.0,2.45,0.0,0.1,464.3,0.004,0.8,1.4,4,2.59,
Site_34_Fertilizer,2025-04-10 08:00,Site_34,Fertilizer,Prairie,483.5,26.3,87.9,1,0,0.96,10.2,1.57,0.8,3.88,11,24.5,189.7,0.1,1064.0,5.8,37.2,0.1,0.1,2.02,0.0,0.2,473.9,0.004,0.9,1.4,3,1.84,
Site_34_Fertilizer,2025-04-10 12:00,Site_34,Fertilizer,Prairie,470.1,26.7,61.0,1,1,1.05,12.0,2.31,1.0,3.82,14,24.6,186.1,0.1,1099.9,5.3,44.8,0.3,0.0,2.81,0.1,0.1,442.9,0.003,0.9,1.7,4,1.61,
Site_34_Heat,2025-04-10 08:00,Site_34,Heat,Prairie,440.7,31.9,45.0,0,0,1.22,11.7,2.61,1.0,3.03,9,30.9,206.3,0.0,817.4,5.9,53.7,0.1,0.1,2.01,0.0,0.2,536.5,0.003,0.9,1.5,3,1.47,
Site_34_Heat,2025-04-10 12:00,Site_34,Heat,Prairie,458.5,29.0,46.7,0,1,1.34,16.2,1.79,0.8,2.72,11,28.4,168.4,0.1,875.1,3.2,49.7,0.2,0.0,2.26,0.0,0.1,468.6,0.002,0.9,1.1,4,1.77,
Site_34_Outside_Control,2025-04-10 08:00,Site_34,Outside_Control,Prairie,493.8,21.5,31.5,1,1,0.75,12.8,2.99,0.8,2.92,10,28.9,172.9,0.0,1468.2,4.1,46.6,0.2,0.0,2.47,0.1,0.1,455.7,0.002,0.9,1.3,2,2.21,
Site_34_Outside_Control,2025-04-10 12:00,Site_34,Outside_Control,Prairie,413.4,23.0,50.8,1,1,0.8,16.7,2.16,1.0,3.88,14,32.6,208.9,0.1,1034.6,3.8,48.6,0.2,0.0,2.0,0.1,0.1,520.9,0.002,0.8,1.1,4,2.47,
Site_35_Inside_Control,2025-04-10 16:00,Site_35,Inside_Control,Desert,496.1,23.2,49.1,1,1,1.3,12.3,2.22,0.8,3.93,9,27.8,195.8,0.0,868.0,4.6,35.9,0.2,0.0,2.3,0.1,0.1,447.0,0.005,0.8,1.4,4,1.06,
Site_35_Inside_Control,2025-04-10 20:00,Site_35,Inside_Control,Desert,451.8,20.8,57.7,0,1,1.41,15.1,2.93,0.9,3.72,10,33.1,247.1,0.1,1279.0,5.8,31.7,0.1,0.0,2.3,0.0,0.1,452.4,0.002,0.8,1.5,1,0.57,
Site_35_High_CO2,2025-04-10 16:00,Site_35,High_CO2,Desert,473.0,22.3,32.0,1,0,1.08,11.0,2.96,0.9,3.22,11,32.7,179.7,0.1,1143.8,6.0,40.5,0.2,0.1,2.77,0.0,0.1,541.4,0.002,0.8,1.7,4,0.79,
Site_35_High_CO2,2025-04-10 20:00,Site_35,High_CO2,Desert,496.1,25.4,31.1,1,1,1.37,11.9,2.53,0.8,3.34,9,33.5,207.0,0.1,651.5,3.1,40.7,0.2,0.0,2.52,0.1,0.1,428.8,0.004,0.8,1.3,1,0.67,
Site_35_Fertilizer,2025-04-10 16:00,Site_35,Fertilizer,Desert,421.9,21.1,68.5,0,0,1.23,11.3,2.45,0.8,3.05,8,32.7,159.7,0.1,1442.3,3.7,32.2,0.2,0.0,2.2,0.1,0.2,475.0,0.002,0.8,1.2,3,0.95,
Site_35_Fertilizer,2025-04-10 20:00,Site_35,Fertilizer,Desert,469.4,24.3,99.6,1,1,1.41,11.4,1.56,0.9,2.64,12,26.3,238.7,0.0,1331.2,5.8,40.3,0.2,0.1,2.53,0.1,0.2,441.3,0.004,0.8,1.6,2,1.24,
Site_35_Heat,2025-04-10 16:00,Site_35,Heat,Desert,474.5,31.1,31.2,1,1,1.14,12.8,2.9,0.9,2.77,12,33.9,204.3,0.0,1269.0,3.7,46.4,0.3,0.0,2.85,0.0,0.2,431.4,0.003,0.8,1.2,4,0.46,
Site_35_Heat,2025-04-10 20:00,Site_35,Heat,Desert,427.7,31.9,32.3,1,1,1.41,15.6,2.68,0.8,2.83,14,22.4,157.7,0.0,842.2,4.7,42.0,0.3,0.1,2.86,0.1,0.2,440.6,0.002,0.8,1.3,1,0.74,
Site_35_Outside_Control,2025-04-10 16:00,Site_35,Outside_Control,Desert,480.9,20.7,49.6,1,0,1.19,15.2,2.0,1.0,2.84,13,34.6,246.8,0.1,1155.9,4.7,57.1,0.1,0.0,2.43,0.0,0.1,416.6,0.002,0.8,1.6,2,1.26,
Site_35_Outside_Control,2025-04-10 20:00,Site_35,Outside_Control,Desert,430.0,27.0,39.7,1,0,1.3,17.6,2.6,1.0,2.7,13,34.5,174.1,0.1,1323.4,4.0,42.4,0.2,0.1,2.58,0.1,0.2,525.2,0.004,0.9,1.5,2,0.76,
Site_36_Inside_Control,2025-04-11 00:00,Site_36,Inside_Control,Wetland,489.1,21.3,26.4,1,1,1.29,16.3,1.75,0.9,2.8,9,24.1,244.1,0.1,1186.5,4.0,36.1,0.2,0.0,2.62,0.0,0.1,477.1,0.002,0.8,1.6,3,3.69,
Site_36_Inside_Control,2025-04-11 04:00,Site_36,Inside_Control,Wetland,446.0,23.4,36.6,1,0,1.43,12.7,2.54,0.8,3.84,13,20.7,183.1,0.1,1458.6,4.5,58.6,0.2,0.0,2.43,0.1,0.2,540.4,0.002,0.9,1.3,3,3.12,
Site_36_High_CO2,2025-04-11 00:00,Site_36,High_CO2,Wetland,536.8,23.9,44.5,1,0,1.24,14.7,2.22,1.0,3.19,8,23.9,162.6,0.1,1202.1,4.1,33.7,0.1,0.0,2.61,0.0,0.1,410.2,0.004,0.9,1.3,4,2.8,
Site_36_High_CO2,2025-04-11 04:00,Site_36,High_CO2,Wetland,504.8,25.0,57.4,0,1,0.9,14.1,2.85,0.9,2.93,11,28.7,214.6,0.0,763.8,5.5,48.9,0.2,0.0,2.08,0.0,0.1,451.0,0.003,0.9,1.5,3,2.33,
Site_36_Fertilizer,2025-04-11 00:00,Site_36,Fertilizer,Wetland,409.9,21.9,99.2,1,0,0.92,15.8,1.51,0.8,3.81,12,24.2,222.2,0.0,1392.3,3.3,43.2,0.3,0.1,2.36,0.1,0.2,523.1,0.002,0.9,1.2,2,2.41,
Site_36_Fertilizer,2025-04-11 04:00,Site_36,Fertilizer,Wetland,430.3,21.7,70.2,0,1,1.21,17.8,2.19,0.8,3.98,13,29.6,243.8,0.1,1117.6,5.9,39.7,0.2,0.0,2.49,0.1,0.2,548.8,0.004,0.9,1.4,2,2.18,
Site_36_Heat,2025-04-11 00:00,Site_36,Heat,Wetland,436.6,31.4,49.5,0,0,0.99,15.8,1.99,1.0,3.38,11,25.2,170.4,0.1,1241.6,4.5,43.0,0.2,0.0,2.94,0.1,0.1,460.9,0.003,0.9,1.8,3,2.41,
Site_36_Heat,2025-04-11 04:00,Site_36,Heat,Wetland,426.2,30.3,55.6,1,1,1.02,11.1,1.59,0.9,3.5,10,30.4,172.0,0.0,1368.2,4.8,51.7,0.2,0.0,2.91,0.1,0.1,508.2,0.004,0.9,1.7,1,2.3,
Site_36_Outside_Control,2025-04-11 00:00,Site_36,Outside_Control,Wetland,468.8,20.1,36.2,1,0,0.72,10.3,2.28,0.9,3.69,14,32.6,227.0,0.1,644.9,5.3,41.8,0.2,0.0,2.96,0.0,0.1,431.9,0.004,0.8,1.1,1,3.48,
Site_36_Outside_Control,2025-04-11 04:00,Site_36,Outside_Control,Wetland,448.9,24.5,43.7,0,0,0.8,17.9,1.54,1.0,3.58,8,20.9,187.5,0.0,1270.1,3.9,35.7,0.2,0.0,2.07,0.0,0.1,428.9,0.003,0.9,1.1,2,2.87,
Site_37_Inside_Control,2025-04-11 08:00,Site_37,Inside_Control,Tundra,407.4,26.9,46.0,0,1,0.97,11.2,2.07,0.9,3.28,13,30.6,181.5,0.1,702.0,3.6,59.9,0.1,0.1,2.55,0.1,0.2,505.6,0.002,0.8,1.6,4,0.86,
Site_37_Inside_Control,2025-04-11 12:00,Site_37,Inside_Control,Tundra,474.5,27.0,56.2,0,1,1.14,13.0,2.77,0.9,3.75,10,32.6,153.3,0.1,1069.2,4.4,36.0,0.3,0.0,2.73,0.0,0.2,470.8,0.005,0.9,1.4,1,1.22,
Site_37_High_CO2,2025-04-11 08:00,Site_37,High_CO2,Tundra,497.2,20.1,38.6,0,0,0.72,13.0,2.37,1.0,3.02,14,25.4,197.0,0.0,655.4,4.2,40.0,0.2,0.0,2.63,0.1,0.1,404.9,0.004,0.8,1.7,4,0.54,
Site_37_High_CO2,2025-04-11 12:00,Site_37,High_CO2,Tundra,500.0,28.0,39.7,1,0,1.36,15.5,1.76,0.9,3.05,11,22.2,200.7,0.1,1253.2,4.7,47.1,0.1,0.0,2.26,0.1,0.2,519.5,0.004,0.9,1.7,3,1.06,
Site_37_Fertilizer,2025-04-11 08:00,Site_37,Fertilizer,Tundra,449.0,28.0,60.9,1,1,1.19,12.2,1.59,1.0,3.35,10,32.8,207.2,0.1,1455.7,5.5,54.4,0.3,0.0,2.81,0.1,0.1,547.0,0.002,0.9,1.8,3,0.46,
Site_37_Fertilizer,2025-04-11 12:00,Site_37,Fertilizer,Tundra,410.2,26.1,67.3,0,0,1.15,12.0,1.98,0.8,3.11,8,30.6,195.3,0.1,1470.2,3.8,42.5,0.2,0.1,2.47,0.0,0.1,434.5,0.003,0.8,1.3,2,0.75,
Site_37_Heat,2025-04-11 08:00,Site_37,Heat,Tundra,474.2,31.7,27.3,0,1,1.38,13.6,2.89,1.0,3.91,12,25.6,175.6,0.0,821.6,3.8,49.9,0.2,0.1,2.21,0.0,0.1,532.1,0.002,0.9,1.7,4,0.87,
Site_37_Heat,2025-04-11 12:00,Site_37,Heat,Tundra,476.9,31.0,58.3,0,0,1.44,10.7,2.43,0.9,3.95,8,29.3,231.9,0.0,1079.2,5.8,49.4,0.3,0.1,2.06,0.1,0.2,489.3,0.005,0.9,1.6,2,0.5,
Site_37_Outside_Control,2025-04-11 08:00,Site_37,Outside_Control,Tundra,440.6,24.9,34.0,0,0,0.99,16.0,1.87,0.9,2.75,14,30.0,187.7,0.0,840.7,3.4,48.9,0.3,0.0,2.26,0.0,0.1,435.6,0.004,0.9,1.0,1,0.83,
Site_37_Outside_Control,2025-04-11 12:00,Site_37,Outside_Control,Tundra,459.2,25.6,25.8,1,0,1.43,11.2,2.22,1.0,3.58,9,32.6,186.7,0.1,1054.9,5.4,44.8,0.2,0.0,2.6,0.0,0.2,486.2,0.003,0.9,1.2,4,0.98,
Site_38_Inside_Control,2025-04-11 16:00,Site_38,Inside_Control,Chaparral,479.7,25.3,43.5,1,1,0.75,15.1,1.96,1.0,3.6,8,25.9,208.3,0.1,1378.4,3.9,39.1,0.3,0.0,2.02,0.0,0.2,474.3,0.002,0.9,1.2,3,2.3,
Site_38_Inside_Control,2025-04-11 20:00,Site_38,Inside_Control,Chaparral,458.5,22.6,56.4,0,0,1.17,11.2,2.47,0.9,2.94,11,25.0,150.7,0.1,1370.3,3.4,59.0,0.3,0.0,2.16,0.1,0.2,417.5,0.003,0.8,1.4,4,2.22,
Site_38_High_CO2,2025-04-11 16:00,Site_38,High_CO2,Chaparral,451.3,21.2,28.5,1,0,1.37,10.8,2.23,1.0,3.77,12,27.4,205.7,0.1,856.9,4.2,33.8,0.1,0.1,2.39,0.0,0.1,501.2,0.004,0.9,1.0,3,2.04,
Site_38_High_CO2,2025-04-11 20:00,Site_38,High_CO2,Chaparral,521.6,20.4,35.6,1,1,1.08,10.4,2.75,0.8,2.95,10,20.9,181.9,0.1,890.1,4.5,41.3,0.3,0.0,2.67,0.1,0.2,523.3,0.004,0.8,1.3,3,2.1,
Site_38_Fertilizer,2025-04-11 16:00,Site_38,Fertilizer,Chaparral,465.3,26.8,80.2,0,0,0.71,11.8,2.87,0.9,2.65,11,34.4,245.2,0.0,1100.6,3.8,56.9,0.2,0.0,2.64,0.1,0.1,429.7,0.001,0.9,1.3,3,1.45,
Site_38_Fertilizer,2025-04-11 20:00,Site_38,Fertilizer,Chaparral,466.6,23.1,71.3,1,1,0.77,15.3,1.56,0.8,3.88,11,29.8,204.3,0.0,1062.6,3.1,46.7,0.3,0.0,2.47,0.0,0.1,422.7,0.001,0.8,1.1,2,1.9,
Site_38_Heat,2025-04-11 16:00,Site_38,Heat,Chaparral,427.7,28.5,55.2,1,1,1.31,10.7,2.08,0.9,3.2,8,30.3,173.6,0.0,1288.0,3.4,54.8,0.2,0.1,2.94,0.0,0.2,411.4,0.003,0.8,1.1,4,0.99,
Site_38_Heat,2025-04-11 20:00,Site_38,Heat,Chaparral,492.6,31.8,55.5,1,1,0.89,11.7,1.65,0.9,2.97,9,26.6,232.6,0.1,1102.0,5.9,42.2,0.1,0.0,2.06,0.0,0.1,470.0,0.003,0.9,1.2,2,1.09,
Site_38_Outside_Control,2025-04-11 16:00,Site_38,Outside_Control,Chaparral,405.1,27.7,34.4,0,0,1.26,15.1,2.29,0.9,2.59,14,26.4,150.6,0.1,989.7,4.4,38.4,0.1,0.1,2.36,0.1,0.1,448.9,0.005,0.9,1.2,3,1.87,
Site_38_Outside_Control,2025-04-11 20:00,Site_38,Outside_Control,Chaparral,449.1,22.7,56.0,0,1,0.91,12.7,2.09,0.9,3.64,13,33.2,238.3,0.0,1338.2,4.3,47.7,0.3,0.1,2.32,0.0,0.1,488.2,0.002,0.9,1.4,3,2.15,
Site_39_Inside_Control,2025-04-12 00:00,Site_39,Inside_Control,Savanna,456.9,26.6,52.0,0,0,0.71,15.8,1.68,1.0,3.96,12,25.6,217.9,0.0,862.8,4.5,47.3,0.2,0.0,2.46,0.0,0.2,488.6,0.003,0.9,1.2,3,2.1,
Site_39_Inside_Control,2025-04-12 04:00,Site_39,Inside_Control,Savanna,470.4,27.7,31.3,1,1,1.15,10.6,2.82,0.8,3.06,12,28.9,234.3,0.1,658.1,3.4,55.0,0.1,0.0,2.51,0.1,0.1,469.2,0.004,0.8,1.3,1,2.42,
Site_39_High_CO2,2025-04-12 00:00,Site_39,High_CO2,Savanna,483.1,22.2,40.0,1,0,1.5,12.3,1.83,0.9,2.79,10,27.3,243.8,0.1,1063.3,5.6,41.6,0.2,0.1,2.86,0.0,0.1,429.6,0.005,0.9,1.6,4,2.17,
Site_39_High_CO2,2025-04-12 04:00,Site_39,High_CO2,Savanna,464.3,22.0,30.7,0,1,1.03,16.8,2.66,0.9,3.59,12,26.5,200.6,0.0,1322.2,4.9,56.6,0.3,0.1,2.33,0.1,0.2,507.4,0.001,0.9,1.5,3,2.18,
Site_39_Fertilizer,2025-04-12 00:00,Site_39,Fertilizer,Savanna,468.1,21.5,75.1,0,0,1.03,10.0,2.61,1.0,3.96,11,28.7,240.4,0.1,1227.3,3.2,58.0,0.3,0.0,2.11,0.1,0.2,546.9,0.002,0.9,1.3,3,1.31,
Site_39_Fertilizer,2025-04-12 04:00,Site_39,Fertilizer,Savanna,447.5,24.7,71.1,1,1,1.18,10.6,2.22,0.9,3.6,10,25.7,235.0,0.0,1235.8,5.7,50.6,0.2,0.1,2.44,0.0,0.2,407.1,0.004,0.9,1.5,2,1.27,
Site_39_Heat,2025-04-12 00:00,Site_39,Heat,Savanna,468.8,28.2,39.8,0,1,0.9,10.1,1.65,0.9,3.35,12,21.2,244.8,0.1,660.8,5.9,32.1,0.1,0.1,2.21,0.1,0.1,473.4,0.004,0.8,1.5,3,1.94,
Site_39_Heat,2025-04-12 04:00,Site_39,Heat,Savanna,484.0,29.4,56.8,0,0,0.93,16.9,2.41,0.9,3.97,10,28.5,168.3,0.0,1454.4,4.1,33.0,0.2,0.0,2.21,0.1,0.1,438.6,0.003,0.9,1.6,3,2.29,
Site_39_Outside_Control,2025-04-12 00:00,Site_39,Outside_Control,Savanna,473.1,22.0,35.4,0,1,1.11,16.2,2.16,0.9,3.86,13,33.7,166.4,0.0,794.7,5.6,57.5,0.2,0.1,2.55,0.1,0.2,413.4,0.001,0.8,1.8,1,2.74,
Site_39_Outside_Control,2025-04-12 04:00,Site_39,Outside_Control,Savanna,463.7,24.1,49.1,1,1,1.08,16.8,2.61,0.8,2.73,8,22.2,165.3,0.1,629.8,5.8,43.9,0.2,0.1,2.89,0.0,0.1,460.8,0.002,0.9,1.5,2,1.89,
Site_40_Inside_Control,2025-04-12 08:00,Site_40,Inside_Control,Coniferous_Forest,406.4,27.5,41.0,1,0,1.42,15.1,1.55,0.9,3.66,12,27.9,156.0,0.0,773.3,4.1,34.3,0.2,0.1,2.85,0.1,0.1,415.5,0.003,0.8,1.4,2,3.27,https://example.com/data/Site_40_Inside_Control/gene_flow.csv
Site_40_Inside_Control,2025-04-12 12:00,Site_40,Inside_Control,Coniferous_Forest,439.2,24.4,25.7,0,0,0.84,11.8,2.8,1.0,3.62,14,31.8,244.0,0.1,848.9,4.6,31.7,0.2,0.0,2.89,0.0,0.2,518.0,0.005,0.9,1.5,2,2.42,https://example.com/data/Site_40_Inside_Control/mutations.csv
Site_40_High_CO2,2025-04-12 08:00,Site_40,High_CO2,Coniferous_Forest,474.8,23.2,33.4,1,1,1.06,12.8,2.37,1.0,3.62,14,24.6,153.7,0.0,879.5,5.5,43.1,0.2,0.0,2.77,0.1,0.2,417.7,0.005,0.9,1.8,1,2.09,
Site_40_High_CO2,2025-04-12 12:00,Site_40,High_CO2,Coniferous_Forest,488.0,26.5,51.9,0,1,0.94,11.8,2.98,0.9,2.99,14,27.7,242.9,0.1,693.0,5.2,43.5,0.3,0.0,2.75,0.1,0.1,448.4,0.004,0.9,1.3,1,2.24,
Site_40_Fertilizer,2025-04-12 08:00,Site_40,Fertilizer,Coniferous_Forest,473.6,22.7,92.2,1,1,0.91,11.0,2.26,0.9,3.7,14,27.6,248.8,0.1,954.0,4.9,58.6,0.3,0.0,2.95,0.1,0.1,527.7,0.002,0.8,1.5,1,1.51,
Site_40_Fertilizer,2025-04-12 12:00,Site_40,Fertilizer,Coniferous_Forest,481.3,24.7,83.5,1,0,0.7,12.4,2.48,0.9,3.79,9,28.2,182.1,0.1,880.4,5.7,37.5,0.2,0.0,2.35,0.0,0.1,488.6,0.001,0.8,1.3,3,2.64,
Site_40_Heat,2025-04-12 08:00,Site_40,Heat,Coniferous_Forest,415.7,32.0,26.3,0,1,1.45,11.2,2.85,0.9,2.65,14,34.7,185.8,0.0,1179.8,3.3,47.3,0.2,0.0,2.34,0.0,0.2,457.3,0.004,0.9,1.3,2,2.4,
Site_40_Heat,2025-04-12 12:00,Site_40,Heat,Coniferous_Forest,448.8,31.2,49.2,0,1,0.84,10.3,2.66,0.9,2.72,11,33.9,205.4,0.0,916.8,3.8,31.3,0.1,0.1,2.12,0.0,0.1,538.0,0.002,0.9,1.4,4,2.72,
Site_40_Outside_Control,2025-04-12 08:00,Site_40,Outside_Control,Coniferous_Forest,489.3,24.1,43.0,0,1,0.75,10.3,2.58,0.8,3.43,12,23.8,163.8,0.1,1082.1,5.5,35.0,0.2,0.1,2.73,0.0,0.1,443.7,0.001,0.9,1.2,4,3.0,
Site_40_Outside_Control,2025-04-12 12:00,Site_40,Outside_Control,Coniferous_Forest,497.6,20.6,59.1,1,1,1.12,10.7,1.98,1.0,3.05,12,28.9,233.3,0.0,689.0,5.9,35.0,0.2,0.0,2.1,0.1,0.2,415.0,0.002,0.8,1.4,1,2.68,
Site_41_Inside_Control,2025-04-12 16:00,Site_41,Inside_Control,Temperate_Forest,486.6,26.5,31.2,0,1,0.91,10.1,2.9,0.9,3.65,14,28.3,194.9,0.1,946.9,4.6,51.9,0.3,0.1,2.71,0.0,0.1,461.8,0.002,0.8,1.2,1,3.01,
Site_41_Inside_Control,2025-04-12 20:00,Site_41,Inside_Control,Temperate_Forest,438.3,26.3,37.7,0,0,1.1,13.3,1.99,0.8,3.25,10,27.7,244.0,0.1,625.2,5.7,55.4,0.3,0.1,2.68,0.0,0.2,506.3,0.001,0.9,1.1,1,2.61,
Site_41_High_CO2,2025-04-12 16:00,Site_41,High_CO2,Temperate_Forest,458.6,22.8,35.1,0,1,1.48,17.2,2.03,1.0,3.9,8,34.2,169.9,0.0,1179.4,5.9,50.4,0.2,0.1,2.59,0.0,0.1,484.7,0.002,0.9,1.5,3,3.34,
Site_41_High_CO2,2025-04-12 20:00,Site_41,High_CO2,Temperate_Forest,511.2,21.5,30.9,0,1,0.98,17.4,2.67,1.0,3.47,10,24.7,154.1,0.0,728.8,3.8,58.2,0.3,0.0,2.89,0.1,0.2,527.2,0.004,0.9,1.8,2,2.3,
Site_41_Fertilizer,2025-04-12 16:00,Site_41,Fertilizer,Temperate_Forest,420.0,24.7,92.4,0,0,1.3,14.9,2.26,1.0,2.96,11,28.2,203.6,0.1,1017.8,5.0,53.2,0.2,0.1,2.84,0.0,0.2,468.6,0.003,0.8,1.0,3,2.11,
Site_41_Fertilizer,2025-04-12 20:00,Site_41,Fertilizer,Temperate_Forest,407.8,27.5,87.2,1,0,0.75,14.1,2.57,1.0,3.9,14,32.5,215.6,0.0,1343.3,3.0,54.0,0.2,0.0,2.06,0.1,0.1,543.2,0.005,0.8,1.6,1,1.83,
Site_41_Heat,2025-04-12 16:00,Site_41,Heat,Temperate_Forest,471.9,28.1,58.4,0,0,0.82,13.6,1.92,1.0,3.98,13,25.8,247.3,0.1,760.8,4.3,46.8,0.2,0.0,2.53,0.1,0.1,483.9,0.004,0.9,1.5,4,1.72,
Site_41_Heat,2025-04-12 20:00,Site_41,Heat,Temperate_Forest,435.0,29.9,27.1,0,0,1.17,16.8,2.04,0.8,2.55,14,27.0,215.2,0.1,1339.7,5.4,46.5,0.3,0.0,2.91,0.0,0.1,503.3,0.004,0.9,1.4,4,1.76,
Site_41_Outside_Control,2025-04-12 16:00,Site_41,Outside_Control,Temperate_Forest,460.5,20.3,57.3,0,0,1.46,13.6,1.91,0.9,3.99,10,23.4,187.7,0.1,1025.6,5.1,45.8,0.1,0.0,2.97,0.1,0.1,490.3,0.003,0.9,1.7,4,2.96,
Site_41_Outside_Control,2025-04-12 20:00,Site_41,Outside_Control,Temperate_Forest,430.8,25.2,54.2,0,1,0.86,10.7,1.61,1.0,3.87,14,33.7,244.0,0.1,1464.6,3.3,31.7,0.2,0.0,2.32,0.1,0.1,493.5,0.002,0.9,1.4,4,3.2,
Site_42_Inside_Control,2025-04-13 00:00,Site_42,Inside_Control,Prairie,458.0,27.3,35.6,0,0,0.91,14.0,1.86,1.0,2.63,12,22.5,226.5,0.0,1178.4,3.6,52.5,0.1,0.0,2.86,0.0,0.2,417.7,0.003,0.8,1.0,3,2.72,
Site_42_Inside_Control,2025-04-13 04:00,Site_42,Inside_Control,Prairie,446.3,24.5,54.7,1,1,1.3,12.6,1.81,1.0,2.68,11,31.4,177.2,0.1,629.7,3.8,55.6,0.2,0.0,2.92,0.0,0.1,543.8,0.003,0.9,1.6,3,1.97,
Site_42_High_CO2,2025-04-13 00:00,Site_42,High_CO2,Prairie,496.3,24.4,54.0,1,1,1.39,16.6,2.2,0.9,3.2,10,29.4,231.7,0.1,897.7,3.3,39.4,0.2,0.0,2.08,0.1,0.1,435.4,0.005,0.8,1.2,1,1.58,
Site_42_High_CO2,2025-04-13 04:00,Site_42,High_CO2,Prairie,526.9,20.4,45.3,1,1,1.45,15.4,1.56,0.8,3.99,9,21.5,152.4,0.1,839.4,5.6,41.1,0.1,0.0,2.13,0.1,0.2,418.3,0.001,0.9,1.1,2,2.31,
Site_42_Fertilizer,2025-04-13 00:00,Site_42,Fertilizer,Prairie,406.1,21.4,98.6,1,1,1.3,14.3,2.07,0.9,2.57,14,26.4,195.3,0.0,1336.4,3.4,30.1,0.2,0.0,2.37,0.0,0.2,414.1,0.002,0.9,1.8,4,1.74,
Site_42_Fertilizer,2025-04-13 04:00,Site_42,Fertilizer,Prairie,464.6,28.0,78.0,1,0,1.36,10.3,2.31,0.9,3.3,8,21.0,196.3,0.0,635.0,3.8,36.3,0.3,0.0,2.33,0.0,0.1,413.2,0.002,0.8,1.1,4,2.4,
Site_42_Heat,2025-04-13 00:00,Site_42,Heat,Prairie,471.6,29.4,29.1,1,1,0.77,11.2,2.71,0.9,3.75,12,24.0,208.9,0.1,1119.6,5.5,56.5,0.2,0.0,2.96,0.0,0.2,412.8,0.003,0.9,1.4,3,1.92,
Site_42_Heat,2025-04-13 04:00,Site_42,Heat,Prairie,403.7,28.9,48.8,1,1,0.81,13.6,2.04,0.8,3.52,9,20.5,201.2,0.1,741.7,3.7,58.1,0.3,0.0,2.92,0.1,0.2,507.4,0.003,0.8,1.8,3,2.36,
Site_42_Outside_Control,2025-04-13 00:00,Site_42,Outside_Control,Prairie,410.2,21.3,49.6,0,0,0.9,12.3,2.69,0.8,2.77,8,27.9,180.2,0.0,626.4,4.4,47.2,0.2,0.0,2.24,0.0,0.1,454.2,0.003,0.9,1.6,2,2.4,
Site_42_Outside_Control,2025-04-13 04:00,Site_42,Outside_Control,Prairie,483.2,20.4,26.6,0,1,1.46,11.5,1.79,1.0,3.13,11,27.6,240.1,0.1,985.2,4.8,48.1,0.2,0.1,2.67,0.0,0.1,484.1,0.002,0.8,1.6,1,2.44,
Site_43_Inside_Control,2025-04-13 08:00,Site_43,Inside_Control,Desert,442.9,23.0,56.6,1,1,1.09,17.8,2.07,0.9,2.73,8,27.2,221.4,0.1,1364.2,3.1,32.9,0.1,0.0,2.09,0.0,0.2,492.4,0.001,0.9,1.8,3,1.41,
Site_43_Inside_Control,2025-04-13 12:00,Site_43,Inside_Control,Desert,472.3,27.2,33.3,0,1,1.3,13.1,2.16,0.9,3.56,10,27.1,202.8,0.1,809.6,5.8,42.1,0.1,0.0,2.58,0.1,0.1,447.3,0.002,0.9,1.0,2,0.78,
Site_43_High_CO2,2025-04-13 08:00,Site_43,High_CO2,Desert,537.7,27.8,40.0,1,0,0.82,16.2,2.45,0.9,2.94,12,28.5,201.9,0.1,1292.4,4.9,57.8,0.1,0.1,2.18,0.1,0.2,497.1,0.002,0.9,1.6,4,1.34,
Site_43_High_CO2,2025-04-13 12:00,Site_43,High_CO2,Desert,484.4,25.1,27.4,0,0,1.0,15.4,2.28,0.9,2.61,14,29.4,164.9,0.1,918.1,5.3,39.8,0.2,0.1,2.67,0.1,0.1,444.7,0.004,0.8,1.4,4,0.68,
Site_43_Fertilizer,2025-04-13 08:00,Site_43,Fertilizer,Desert,475.4,24.3,61.0,1,1,1.05,11.5,1.93,0.9,2.95,11,24.9,160.2,0.0,788.6,5.2,44.3,0.2,0.0,2.1,0.1,0.1,510.2,0.005,0.9,1.7,1,0.6,
Site_43_Fertilizer,2025-04-13 12:00,Site_43,Fertilizer,Desert,440.7,26.2,76.4,1,0,1.25,16.6,1.89,1.0,3.86,12,21.0,240.4,0.1,1051.5,5.8,58.2,0.1,0.0,2.06,0.0,0.1,495.0,0.002,0.8,1.2,3,0.51,
Site_43_Heat,2025-04-13 08:00,Site_43,Heat,Desert,497.9,31.8,49.8,0,1,1.31,14.3,2.51,0.9,3.47,14,23.4,240.4,0.0,1154.3,3.9,31.7,0.2,0.0,2.04,0.1,0.1,546.0,0.004,0.8,1.1,2,0.81,
Site_43_Heat,2025-04-13 12:00,Site_43,Heat,Desert,481.1,30.0,30.1,1,0,0.73,14.0,2.68,0.9,3.13,9,24.8,221.7,0.0,1477.0,5.4,35.6,0.2,0.0,2.44,0.1,0.2,414.9,0.001,0.9,1.3,4,0.51,
Site_43_Outside_Control,2025-04-13 08:00,Site_43,Outside_Control,Desert,403.6,25.6,26.1,0,1,0.7,15.6,2.91,0.8,3.91,9,30.4,157.6,0.1,971.8,4.5,33.6,0.2,0.1,2.55,0.0,0.1,403.7,0.005,0.9,1.4,1,1.4,
Site_43_Outside_Control,2025-04-13 12:00,Site_43,Outside_Control,Desert,453.7,27.2,38.9,1,0,1.08,16.7,2.86,0.9,3.21,11,31.4,249.7,0.1,728.8,4.9,37.8,0.2,0.0,2.77,0.1,0.2,522.4,0.001,0.8,1.1,3,1.47,
Site_44_Inside_Control,2025-04-13 16:00,Site_44,Inside_Control,Wetland,426.0,23.4,42.3,1,1,1.24,11.1,1.96,1.0,3.25,12,27.0,221.6,0.0,601.9,4.7,46.7,0.2,0.0,2.76,0.1,0.1,404.5,0.002,0.9,1.1,2,3.03,
Site_44_Inside_Control,2025-04-13 20:00,Site_44,Inside_Control,Wetland,423.9,20.5,35.7,1,0,1.46,12.3,1.95,0.9,2.5,8,25.4,151.1,0.0,1034.9,3.5,31.9,0.2,0.1,2.33,0.1,0.1,460.3,0.002,0.9,1.7,1,3.65,
Site_44_High_CO2,2025-04-13 16:00,Site_44,High_CO2,Wetland,459.0,22.0,54.7,0,0,0.85,13.8,1.94,0.9,3.19,11,26.5,226.4,0.0,1292.6,3.2,54.7,0.2,0.0,2.44,0.1,0.2,543.4,0.004,0.9,1.0,2,3.58,
Site_44_High_CO2,2025-04-13 20:00,Site_44,High_CO2,Wetland,450.7,21.8,56.8,1,1,1.06,10.6,2.69,0.9,3.27,8,20.9,204.6,0.1,1386.3,3.2,37.6,0.3,0.0,2.6,0.0,0.1,438.4,0.002,0.8,1.3,4,2.71,
Site_44_Fertilizer,2025-04-13 16:00,Site_44,Fertilizer,Wetland,481.1,21.1,61.2,0,0,1.16,13.1,2.49,0.9,2.7,14,21.4,241.1,0.0,878.1,3.3,50.8,0.2,0.0,2.06,0.1,0.2,444.2,0.003,0.9,1.0,3,3.36,
Site_44_Fertilizer,2025-04-13 20:00,Site_44,Fertilizer,Wetland,470.1,27.1,80.8,1,0,1.05,10.8,2.4,0.9,3.66,13,32.8,186.2,0.1,1247.7,3.6,46.7,0.2,0.1,2.3,0.0,0.1,465.8,0.003,0.9,1.0,2,2.36,
Site_44_Heat,2025-04-13 16:00,Site_44,Heat,Wetland,463.6,29.2,45.9,0,1,1.27,17.1,2.39,0.8,2.67,8,34.7,238.8,0.0,1251.4,3.2,51.7,0.2,0.0,2.72,0.0,0.1,416.8,0.004,0.9,1.5,4,3.15,
Site_44_Heat,2025-04-13 20:00,Site_44,Heat,Wetland,460.2,31.9,31.8,1,1,1.04,17.6,1.86,0.9,2.96,11,30.6,220.5,0.0,1163.3,5.9,45.3,0.2,0.1,2.46,0.1,0.1,402.5,0.001,0.9,1.7,2,2.34,
Site_44_Outside_Control,2025-04-13 16:00,Site_44,Outside_Control,Wetland,489.8,20.6,33.7,0,0,1.01,15.8,1.99,0.9,2.74,10,20.8,154.7,0.1,1175.6,5.0,35.4,0.1,0.0,2.51,0.0,0.1,456.5,0.002,0.9,1.0,1,3.86,
Site_44_Outside_Control,2025-04-13 20:00,Site_44,Outside_Control,Wetland,480.0,20.7,41.3,0,1,1.39,11.3,1.94,0.9,3.25,14,30.1,186.6,0.0,1118.3,6.0,59.1,0.2,0.0,2.4,0.0,0.1,502.8,0.003,0.8,1.5,3,3.85,
Site_45_Inside_Control,2025-04-14 00:00,Site_45,Inside_Control,Tundra,455.6,20.2,52.8,0,0,0.74,14.5,2.16,0.9,3.53,8,25.3,157.7,0.1,1356.8,3.6,48.7,0.2,0.1,2.3,0.0,0.1,486.9,0.003,0.9,1.1,4,0.64,
Site_45_Inside_Control,2025-04-14 04:00,Site_45,Inside_Control,Tundra,420.2,24.3,58.0,0,0,1.44,13.6,2.79,0.9,3.99,13,25.4,187.2,0.0,658.4,4.4,33.0,0.1,0.0,2.75,0.1,0.2,404.0,0.002,0.8,1.4,3,1.56,
Site_45_High_CO2,2025-04-14 00:00,Site_45,High_CO2,Tundra,535.2,25.1,52.7,1,0,1.34,15.8,1.55,0.9,3.85,10,33.3,236.3,0.0,1167.3,4.1,41.7,0.2,0.0,2.85,0.1,0.2,471.2,0.003,0.9,1.4,1,0.63,
Site_45_High_CO2,2025-04-14 04:00,Site_45,High_CO2,Tundra,488.3,24.8,28.6,0,0,1.39,11.8,2.11,0.9,2.95,10,26.9,199.0,0.1,642.7,5.2,39.8,0.2,0.0,2.41,0.1,0.1,422.5,0.004,0.9,1.1,4,1.19,
Site_45_Fertilizer,2025-04-14 00:00,Site_45,Fertilizer,Tundra,416.5,25.4,66.2,1,1,1.0,10.5,1.72,0.9,2.68,12,27.4,198.4,0.0,757.0,4.0,58.4,0.3,0.0,2.87,0.0,0.1,507.8,0.004,0.9,1.1,4,0.43,
Site_45_Fertilizer,2025-04-14 04:00,Site_45,Fertilizer,Tundra,434.3,23.1,93.2,1,0,0.85,14.0,1.69,0.9,3.94,8,27.5,170.2,0.0,1420.4,3.9,57.2,0.3,0.0,2.86,0.1,0.1,545.2,0.002,0.8,1.0,2,1.21,
Site_45_Heat,2025-04-14 00:00,Site_45,Heat,Tundra,494.8,30.4,54.1,1,1,1.31,17.2,2.69,0.9,3.22,10,22.6,157.3,0.1,1310.9,5.8,52.2,0.2,0.0,2.8,0.0,0.2,508.6,0.003,0.9,1.2,1,0.5,
Site_45_Heat,2025-04-14 04:00,Site_45,Heat,Tundra,493.5,29.5,48.2,0,0,0.77,16.4,1.63,0.9,3.28,11,23.4,210.8,0.0,778.3,4.9,51.8,0.1,0.0,2.82,0.1,0.2,523.2,0.002,0.8,1.1,1,1.02,
Site_45_Outside_Control,2025-04-14 00:00,Site_45,Outside_Control,Tundra,488.6,23.4,32.3,1,1,1.31,16.4,1.64,0.9,2.9,9,31.1,162.2,0.1,711.4,5.3,41.9,0.2,0.1,2.17,0.1,0.2,453.0,0.002,0.9,1.2,1,0.78,
Site_45_Outside_Control,2025-04-14 04:00,Site_45,Outside_Control,Tundra,458.7,25.7,29.5,0,0,1.31,17.0,2.29,0.9,3.14,8,24.3,197.1,0.1,999.3,4.7,31.8,0.2,0.0,2.21,0.1,0.2,432.4,0.001,0.9,1.2,2,1.02,
Site_46_Inside_Control,2025-04-14 08:00,Site_46,Inside_Control,Chaparral,411.3,24.5,37.2,1,1,1.15,12.4,2.34,0.9,3.96,8,22.7,198.8,0.1,1370.9,5.2,52.4,0.3,0.0,2.29,0.1,0.2,506.8,0.005,0.9,1.8,4,2.07,
Site_46_Inside_Control,2025-04-14 12:00,Site_46,Inside_Control,Chaparral,459.1,23.2,53.0,0,0,1.25,10.3,2.81,0.8,3.7,12,25.3,220.3,0.0,1260.7,4.1,36.9,0.1,0.0,2.19,0.0,0.2,505.6,0.004,0.8,1.7,3,1.93,
Site_46_High_CO2,2025-04-14 08:00,Site_46,High_CO2,Chaparral,460.2,21.6,36.8,0,1,0.93,14.6,1.75,0.9,3.08,14,21.4,248.0,0.1,1489.9,6.0,35.8,0.1,0.0,2.66,0.0,0.1,547.2,0.002,0.8,1.8,4,1.82,
Site_46_High_CO2,2025-04-14 12:00,Site_46,High_CO2,Chaparral,510.0,23.2,48.4,0,0,1.38,17.7,1.72,0.8,2.78,12,29.5,153.4,0.1,893.6,3.6,52.5,0.2,0.0,2.1,0.0,0.2,415.5,0.005,0.9,1.2,1,1.28,
Site_46_Fertilizer,2025-04-14 08:00,Site_46,Fertilizer,Chaparral,444.8,23.8,84.5,0,1,1.43,15.5,2.33,0.9,2.59,8,28.1,213.7,0.1,677.7,4.0,49.2,0.3,0.1,3.0,0.0,0.2,497.1,0.004,0.9,1.0,2,1.91,
Site_46_Fertilizer,2025-04-14 12:00,Site_46,Fertilizer,Chaparral,409.7,25.3,76.0,0,1,0.99,10.8,1.57,1.0,3.25,8,27.8,183.8,0.0,1230.1,4.0,36.7,0.3,0.0,2.02,0.0,0.1,433.9,0.005,0.9,1.6,1,1.26,
Site_46_Heat,2025-04-14 08:00,Site_46,Heat,Chaparral,464.3,29.8,53.1,0,0,1.38,15.5,1.93,1.0,2.83,13,29.9,166.6,0.1,1026.5,3.0,53.4,0.3,0.1,2.44,0.0,0.1,518.4,0.004,0.8,1.5,3,1.75,
Site_46_Heat,2025-04-14 12:00,Site_46,Heat,Chaparral,422.4,30.9,38.5,0,1,0.71,12.8,2.68,0.8,3.1,11,23.2,235.0,0.1,1332.5,4.5,49.9,0.2,0.1,2.94,0.1,0.2,410.5,0.005,0.8,1.2,2,1.64,
Site_46_Outside_Control,2025-04-14 08:00,Site_46,Outside_Control,Chaparral,404.1,24.6,34.9,1,0,1.46,17.8,1.79,0.9,2.81,14,32.8,192.7,0.0,1409.4,4.7,49.0,0.1,0.0,2.76,0.1,0.1,507.1,0.004,0.8,1.2,2,1.66,
Site_46_Outside_Control,2025-04-14 12:00,Site_46,Outside_Control,Chaparral,447.0,23.5,56.5,0,0,0.81,15.8,2.14,0.9,3.61,12,34.9,166.0,0.1,1491.9,5.9,49.5,0.1,0.1,2.02,0.0,0.1,536.3,0.003,0.8,1.4,4,1.78,
Site_47_Inside_Control,2025-04-14 16:00,Site_47,Inside_Control,Savanna,439.7,22.2,55.0,1,0,1.06,17.9,2.1,1.0,3.12,9,22.7,240.9,0.1,615.4,4.6,33.5,0.1,0.0,2.98,0.0,0.1,496.4,0.004,0.8,1.3,2,2.02,
Site_47_Inside_Control,2025-04-14 20:00,Site_47,Inside_Control,Savanna,486.0,26.6,28.2,1,0,0.93,16.1,2.2,0.9,3.6,10,23.3,185.2,0.0,688.1,5.2,31.4,0.3,0.0,2.33,0.1,0.1,503.8,0.005,0.9,1.2,2,2.95,
Site_47_High_CO2,2025-04-14 16:00,Site_47,High_CO2,Savanna,514.2,25.3,58.5,0,0,0.76,11.4,2.37,0.8,2.89,9,25.7,238.0,0.0,1169.1,5.8,38.9,0.2,0.0,2.48,0.1,0.1,444.7,0.005,0.9,1.3,3,1.65,
Site_47_High_CO2,2025-04-14 20:00,Site_47,High_CO2,Savanna,464.9,21.6,25.7,0,0,1.0,11.8,1.76,0.8,3.66,13,22.8,187.6,0.0,799.5,3.0,36.8,0.3,0.0,2.05,0.1,0.2,549.3,0.003,0.9,1.1,1,2.13,
Site_47_Fertilizer,2025-04-14 16:00,Site_47,Fertilizer,Savanna,425.0,25.7,93.5,0,1,1.38,15.0,2.77,1.0,2.97,11,28.6,181.6,0.0,941.4,4.8,39.1,0.1,0.1,2.8,0.0,0.2,450.4,0.002,0.9,1.6,1,1.7,
Site_47_Fertilizer,2025-04-14 20:00,Site_47,Fertilizer,Savanna,412.9,20.9,83.5,0,0,0.85,11.0,2.35,0.9,3.45,13,24.9,188.7,0.1,760.2,3.6,37.7,0.1,0.1,2.45,0.0,0.2,404.1,0.003,0.8,1.1,3,1.59,
Site_47_Heat,2025-04-14 16:00,Site_47,Heat,Savanna,404.5,29.8,49.2,1,0,1.17,16.1,2.8,0.8,2.91,11,34.2,243.5,0.1,1270.0,3.7,55.3,0.2,0.0,2.65,0.0,0.2,415.7,0.002,0.8,1.8,4,2.03,
Site_47_Heat,2025-04-14 20:00,Site_47,Heat,Savanna,441.4,31.2,44.1,1,1,1.33,13.6,2.39,0.9,2.84,14,25.6,192.6,0.1,1100.6,5.3,43.9,0.1,0.0,2.59,0.1,0.2,531.6,0.005,0.9,1.7,3,1.72,
Site_47_Outside_Control,2025-04-14 16:00,Site_47,Outside_Control,Savanna,480.5,22.9,45.7,0,1,1.29,11.2,1.65,0.9,2.8,10,21.8,241.1,0.1,1111.2,4.3,43.0,0.1,0.0,2.77,0.0,0.2,499.5,0.004,0.9,1.5,4,1.82,
Site_47_Outside_Control,2025-04-14 20:00,Site_47,Outside_Control,Savanna,490.8,25.6,42.6,1,1,1.31,13.7,1.92,0.9,4.0,11,27.2,189.4,0.0,1061.6,3.9,46.0,0.3,0.0,2.04,0.1,0.1,482.0,0.004,0.8,1.8,2,2.9,
Site_48_Inside_Control,2025-04-15 00:00,Site_48,Inside_Control,Coniferous_Forest,400.5,20.3,42.6,0,0,1.4,11.9,1.82,1.0,3.13,13,27.3,151.9,0.0,647.6,4.0,43.5,0.2,0.0,2.94,0.0,0.2,460.8,0.004,0.9,1.3,1,2.8,
Site_48_Inside_Control,2025-04-15 04:00,Site_48,Inside_Control,Coniferous_Forest,414.7,25.0,38.5,1,1,0.91,12.6,2.34,0.9,3.72,12,26.3,234.7,0.0,1316.0,4.6,50.4,0.1,0.0,2.23,0.1,0.1,501.4,0.001,0.9,1.3,1,3.43,
Site_48_High_CO2,2025-04-15 00:00,Site_48,High_CO2,Coniferous_Forest,486.7,21.3,48.7,1,0,1.22,14.1,2.13,0.8,3.36,8,21.9,219.1,0.1,918.1,3.7,34.1,0.2,0.0,2.8,0.1,0.1,408.8,0.002,0.8,1.0,2,2.45,
Site_48_High_CO2,2025-04-15 04:00,Site_48,High_CO2,Coniferous_Forest,483.1,25.9,35.6,1,0,1.03,17.6,2.45,0.9,3.55,13,30.4,208.7,0.0,1202.6,5.2,40.1,0.1,0.0,2.37,0.1,0.1,535.6,0.005,0.8,1.2,1,1.82,
Site_48_Fertilizer,2025-04-15 00:00,Site_48,Fertilizer,Coniferous_Forest,461.5,24.1,83.3,0,1,0.97,14.3,2.89,1.0,3.0,13,23.2,221.0,0.0,892.4,4.3,50.3,0.3,0.0,2.18,0.1,0.2,476.6,0.005,0.8,1.7,4,1.48,
Site_48_Fertilizer,2025-04-15 04:00,Site_48,Fertilizer,Coniferous_Forest,465.1,20.5,73.0,1,1,1.13,16.3,2.33,0.9,3.78,12,26.2,227.6,0.0,1315.4,4.6,40.9,0.2,0.0,2.62,0.1,0.1,422.1,0.002,0.9,1.6,4,1.62,
Site_48_Heat,2025-04-15 00:00,Site_48,Heat,Coniferous_Forest,469.3,30.1,59.2,1,1,1.33,12.2,2.07,0.8,3.17,8,32.4,200.4,0.1,818.5,5.7,31.0,0.2,0.1,2.37,0.0,0.2,429.5,0.004,0.9,1.6,1,1.82,
Site_48_Heat,2025-04-15 04:00,Site_48,Heat,Coniferous_Forest,421.5,29.1,37.3,0,1,1.41,11.4,2.13,0.9,2.68,14,22.4,197.7,0.0,632.2,3.1,40.6,0.1,0.0,2.43,0.0,0.2,459.3,0.001,0.9,1.1,3,2.76,
Site_48_Outside_Control,2025-04-15 00:00,Site_48,Outside_Control,Coniferous_Forest,418.3,27.5,33.3,0,1,1.16,14.6,2.77,0.9,2.57,9,24.9,211.7,0.0,927.7,5.1,46.6,0.2,0.0,2.75,0.1,0.1,494.1,0.005,0.9,1.3,1,2.87,
Site_48_Outside_Control,2025-04-15 04:00,Site_48,Outside_Control,Coniferous_Forest,413.1,26.6,40.7,1,0,1.45,11.8,2.78,0.9,3.89,12,25.0,182.0,0.1,1388.1,5.8,40.9,0.2,0.0,2.47,0.1,0.2,453.5,0.005,0.9,1.1,3,2.96,
Site_49_Inside_Control,2025-04-15 08:00,Site_49,Inside_Control,Temperate_Forest,417.1,24.2,58.3,0,0,0.92,13.8,2.61,0.8,2.68,11,21.1,183.2,0.0,1416.7,3.5,54.0,0.3,0.1,2.07,0.0,0.2,401.2,0.002,0.9,1.4,1,2.74,
Site_49_Inside_Control,2025-04-15 12:00,Site_49,Inside_Control,Temperate_Forest,460.0,20.9,56.9,1,0,1.05,17.2,2.4,0.9,2.51,12,24.4,197.2,0.0,1263.1,5.0,40.8,0.1,0.0,2.95,0.0,0.2,437.0,0.004,0.9,1.5,2,3.25,
Site_49_High_CO2,2025-04-15 08:00,Site_49,High_CO2,Temperate_Forest,536.9,20.8,49.5,0,1,1.09,14.5,1.52,0.9,3.46,13,29.8,157.4,0.1,752.6,5.6,32.4,0.1,0.0,2.06,0.1,0.2,456.8,0.001,0.9,1.2,4,2.24,
Site_49_High_CO2,2025-04-15 12:00,Site_49,High_CO2,Temperate_Forest,524.5,24.5,44.0,0,0,1.06,12.2,2.79,0.9,3.44,8,21.7,244.0,0.1,1365.9,3.7,50.1,0.1,0.0,2.2,0.1,0.1,461.4,0.004,0.8,1.0,3,3.37,
Site_49_Fertilizer,2025-04-15 08:00,Site_49,Fertilizer,Temperate_Forest,408.8,22.4,66.0,0,0,1.04,16.5,2.66,0.8,3.12,11,21.8,180.3,0.0,1170.4,5.2,35.4,0.2,0.1,2.56,0.0,0.1,401.9,0.004,0.8,1.3,4,3.03,
Site_49_Fertilizer,2025-04-15 12:00,Site_49,Fertilizer,Temperate_Forest,457.5,22.6,77.8,1,1,0.85,10.5,2.11,0.9,2.97,13,25.0,163.3,0.0,1192.2,5.8,49.3,0.3,0.0,2.84,0.1,0.1,517.7,0.005,0.9,1.7,3,1.98,
Site_49_Heat,2025-04-15 08:00,Site_49,Heat,Temperate_Forest,433.7,30.3,51.5,0,1,1.19,14.2,2.81,0.8,2.87,10,20.0,159.7,0.1,1347.1,5.2,47.7,0.1,0.0,2.85,0.0,0.1,461.1,0.003,0.9,1.5,4,2.4,
Site_49_Heat,2025-04-15 12:00,Site_49,Heat,Temperate_Forest,400.5,30.3,42.0,0,1,1.49,11.4,2.85,0.9,2.57,9,25.5,226.3,0.1,689.7,5.3,32.1,0.1,0.0,2.6,0.1,0.1,477.9,0.002,0.9,1.7,1,1.97,
Site_49_Outside_Control,2025-04-15 08:00,Site_49,Outside_Control,Temperate_Forest,407.3,22.3,28.9,1,1,1.0,17.5,2.21,1.0,3.79,9,25.3,235.5,0.0,1231.4,3.1,52.1,0.1,0.1,2.54,0.0,0.1,448.2,0.003,0.9,1.6,4,3.43,
Site_49_Outside_Control,2025-04-15 12:00,Site_49,Outside_Control,Temperate_Forest,461.7,20.8,56.3,1,1,1.46,15.7,2.61,1.0,2.97,12,21.6,238.8,0.1,897.4,6.0,35.2,0.2,0.1,2.17,0.0,0.1,489.2,0.003,0.9,1.1,4,3.3,
Site_50_Inside_Control,2025-04-15 16:00,Site_50,Inside_Control,Prairie,404.3,21.7,27.8,0,0,1.1,16.8,1.59,0.8,3.07,14,29.7,196.7,0.0,1476.6,4.8,31.4,0.3,0.0,2.49,0.0,0.2,478.0,0.002,0.9,1.3,3,2.23,https://example.com/data/Site_50_Inside_Control/mutations.csv
Site_50_Inside_Control,2025-04-15 20:00,Site_50,Inside_Control,Prairie,426.4,23.3,52.3,1,1,1.43,16.4,2.02,0.9,2.91,12,28.5,238.0,0.1,922.0,3.9,58.2,0.2,0.0,2.44,0.0,0.1,545.6,0.003,0.9,1.6,3,2.93,https://example.com/data/Site_50_Inside_Control/diversity.csv
Site_50_High_CO2,2025-04-15 16:00,Site_50,High_CO2,Prairie,470.0,20.7,36.2,0,1,1.11,11.2,1.51,0.9,3.17,14,23.1,175.1,0.0,1287.2,4.1,36.5,0.3,0.0,2.47,0.0,0.2,470.3,0.002,0.9,1.0,2,2.43,
Site_50_High_CO2,2025-04-15 20:00,Site_50,High_CO2,Prairie,500.6,27.7,59.5,1,1,1.48,12.7,2.14,1.0,3.94,9,23.2,219.3,0.0,1137.2,3.2,32.4,0.2,0.0,2.81,0.0,0.2,519.7,0.001,0.9,1.1,4,2.18,
Site_50_Fertilizer,2025-04-15 16:00,Site_50,Fertilizer,Prairie,425.1,27.5,80.7,0,0,1.08,14.9,2.35,0.8,3.18,9,26.3,235.3,0.0,931.2,4.5,38.4,0.2,0.1,2.59,0.0,0.1,449.9,0.003,0.9,1.4,2,1.86,
Site_50_Fertilizer,2025-04-15 20:00,Site_50,Fertilizer,Prairie,403.5,21.8,69.2,0,1,0.91,13.5,1.59,0.9,3.73,14,33.5,160.7,0.1,1075.9,5.9,30.4,0.3,0.1,2.56,0.0,0.1,493.5,0.002,0.9,1.6,2,1.65,
Site_50_Heat,2025-04-15 16:00,Site_50,Heat,Prairie,408.0,29.6,57.5,1,0,1.09,12.7,2.16,0.8,3.13,9,24.6,233.7,0.1,1451.2,3.6,34.0,0.1,0.0,2.82,0.0,0.1,542.2,0.004,0.9,1.2,3,1.84,
Site_50_Heat,2025-04-15 20:00,Site_50,Heat,Prairie,448.6,28.3,41.4,1,0,1.19,13.0,2.74,1.0,2.75,13,31.7,183.9,0.0,1483.5,4.9,45.9,0.3,0.0,2.54,0.1,0.2,481.9,0.004,0.8,1.6,3,2.37,
Site_50_Outside_Control,2025-04-15 16:00,Site_50,Outside_Control,Prairie,486.4,27.2,29.3,0,1,0.9,16.2,1.71,1.0,3.86,14,27.2,220.5,0.0,977.6,4.1,47.5,0.2,0.0,2.05,0.1,0.1,447.1,0.004,0.9,1.2,3,1.88,
Site_50_Outside_Control,2025-04-15 20:00,Site_50,Outside_Control,Prairie,469.6,22.1,31.8,1,1,1.36,13.0,1.82,0.9,2.69,14,29.1,200.6,0.0,1170.5,3.0,30.9,0.2,0.0,2.68,0.0,0.1,476.0,0.003,0.9,1.3,4,2.14,
